corpus,metric,k,arm,effort,recall_queries,timed_queries,recall_mean,recall_minimum,recall_p50,recall_p95,latency_mean_ms,latency_p50_ms,latency_p95_ms,latency_max_ms,partitions_mean,partitions_p50,partitions_p95,comparisons_mean
coyo-ve-qwen3vl-2048,cosine,1,e0,0,128,64,0.6953125,0,1,1,5.36570390625,5.4283215,6.12911865,6.357026,1,1,1,4489
coyo-ve-qwen3vl-2048,cosine,1,e025,0.25,128,64,0.8984375,0,1,1,5.007233015625,5.0528005,5.875501799999999,6.706105,2.984375,2,7,13083.515625
coyo-ve-qwen3vl-2048,cosine,1,e05,0.5,128,64,0.9609375,0,1,1,5.096320890625,4.952694,6.874481299999998,9.512075,8.7578125,3,41.64999999999999,35458.2265625
coyo-ve-qwen3vl-2048,cosine,1,e075,0.75,128,64,0.9765625,0,1,1,20.20168853125,16.119355,39.46192454999994,64.95903,160.625,107,396.24999999999994,613096.8359375
coyo-ve-qwen3vl-2048,cosine,1,e1,1,128,64,0.9765625,0,1,1,407.70136465625,407.6035065,412.83184500000004,415.835911,3756,3756,3756,15380795
coyo-ve-qwen3vl-2048,cosine,1,baseline,,128,64,0.9609375,0,1,1,6.569067625,6.3998255,8.203399599999994,10.989882,8.7578125,3,41.64999999999999,35458.2265625
coyo-ve-qwen3vl-2048,cosine,10,e0,0,128,64,0.6421874999999999,0,0.7,1,5.53358796875,5.4929395,6.3640413,6.695153,1,1,1,4489
coyo-ve-qwen3vl-2048,cosine,10,e025,0.25,128,64,0.8968750000000001,0.1,0.95,1,5.156473015625,5.0663315,6.382168899999999,6.781086,3.90625,3,9,16781.765625
coyo-ve-qwen3vl-2048,cosine,10,e05,0.5,128,64,0.96015625,0.5,1,1,5.865022046875,5.5207955,8.723526199999997,12.99823,16.1171875,8,77,64392.5546875
coyo-ve-qwen3vl-2048,cosine,10,e075,0.75,128,64,0.9804687500000001,0.8,1,1,26.036292875,22.460299499999998,43.664254199999974,60.186578,225.046875,174,538,859037.5859375
coyo-ve-qwen3vl-2048,cosine,10,e1,1,128,64,0.9812500000000002,0.9,1,1,412.69635690625,412.4346395,416.89420889999997,420.923459,3756,3756,3756,15380795
coyo-ve-qwen3vl-2048,cosine,10,baseline,,128,64,0.96015625,0.5,1,1,7.389552484375001,7.005363,10.051180199999996,14.270489,16.1171875,8,77,64392.5546875
coyo-ve-qwen3vl-2048,cosine,100,e0,0,128,64,0.566171875,0.03,0.57,0.99,5.635217265625,5.6887685,6.42028995,6.802662,1,1,1,4489
coyo-ve-qwen3vl-2048,cosine,100,e025,0.25,128,64,0.8714843750000001,0.22,0.925,0.9964999999999999,5.4639926249999995,5.543538,6.53996515,7.134132,4.859375,3,11,20633.9609375
coyo-ve-qwen3vl-2048,cosine,100,e05,0.5,128,64,0.9650000000000001,0.7,0.98,1,7.0975988125,6.0352285000000006,15.283429499999988,17.817817,25.875,7.5,106,101817.890625
coyo-ve-qwen3vl-2048,cosine,100,e075,0.75,128,64,0.9889062500000001,0.96,0.99,1,30.396861734375,22.281661999999997,68.85369019999995,71.424034,272.28125,168.5,631,1042441.5625
coyo-ve-qwen3vl-2048,cosine,100,e1,1,128,64,0.9902343750000001,0.97,0.99,1,407.06137343750004,408.42249749999996,415.5478629,420.843724,3756,3756,3756,15380795
coyo-ve-qwen3vl-2048,cosine,100,baseline,,128,64,0.9650000000000001,0.7,0.98,1,8.51849790625,7.396885,16.52604514999999,17.675126,25.875,7.5,106,101817.890625
coyo-ve-qwen3vl-2048,cosine,1000,e0,0,128,64,0.46185156250000003,0.024,0.4015,0.9394999999999998,6.329261171875,6.337883,6.93840385,7.263586,1,1,1,4489
coyo-ve-qwen3vl-2048,cosine,1000,e025,0.25,128,64,0.84346875,0.343,0.884,0.99165,6.866756390625,6.8693435,8.165162099999998,8.657495,7.84375,6,16,32452.6796875
coyo-ve-qwen3vl-2048,cosine,1000,e05,0.5,128,64,0.9724531249999999,0.843,0.983,0.996,12.531867031250002,10.0299965,31.921255249999977,34.534983,67.984375,34,248,262354.8984375
coyo-ve-qwen3vl-2048,cosine,1000,e075,0.75,128,64,0.99096875,0.973,0.992,0.997,51.8052359375,43.088175,107.93822494999998,111.734813,465.8515625,358,966,1793227.8984375
coyo-ve-qwen3vl-2048,cosine,1000,e1,1,128,64,0.9925468749999999,0.982,0.993,0.99765,418.566709125,418.518876,423.04394735,424.895242,3756,3756,3756,15380795
coyo-ve-qwen3vl-2048,cosine,1000,baseline,,128,64,0.9724531249999999,0.843,0.983,0.996,13.704074875,11.311181000000001,32.36998624999997,34.841341,67.984375,34,248,262354.8984375
coyo-ve-qwen3vl-2048,cosine,10000,e0,0,128,64,0.42479296875,0.0642,0.43010000000000004,0.6744249999999999,12.566548515625,12.428988499999999,14.1344745,15.068273,2.8359375,3,4,12387.2109375
coyo-ve-qwen3vl-2048,cosine,10000,e025,0.25,128,64,0.726971875,0.2954,0.7485999999999999,0.9378249999999999,16.01813478125,15.6624645,19.38516215,19.918421,13.8125,11,22,56097.6640625
coyo-ve-qwen3vl-2048,cosine,10000,e05,0.5,128,64,0.96216796875,0.8355,0.9762500000000001,0.9943649999999999,35.153942078125,28.152357000000002,70.26777759999999,76.920646,188.5859375,104,447,721774.1796875
coyo-ve-qwen3vl-2048,cosine,10000,e075,0.75,128,64,0.9890546874999999,0.965,0.99095,0.9956,97.6654696875,83.595845,163.03420964999998,174.116811,799.953125,625,1296,3112338.453125
coyo-ve-qwen3vl-2048,cosine,10000,e1,1,128,64,0.99292421875,0.9855,0.9933,0.996,425.75566235937504,425.1107625,436.21047995,444.086097,3756,3756,3756,15380795
coyo-ve-qwen3vl-2048,cosine,10000,baseline,,128,64,0.96216796875,0.8355,0.9762500000000001,0.9943649999999999,36.16573903125,29.5534125,69.64382974999998,76.564461,188.5859375,104,447,721774.1796875
coyo-ve-qwen3vl-2048,cosine,100000,e0,0,128,64,0.44248812499999995,0.19878,0.44025,0.6262384999999999,80.27706334375,79.7224765,85.22865449999999,88.852403,25.875,26,29,101867.0859375
coyo-ve-qwen3vl-2048,cosine,100000,e025,0.25,128,64,0.462752734375,0.21263,0.451015,0.6609815,86.37958918749999,86.63757100000001,90.97444949999999,94.076065,28.3359375,28,31,111242.8203125
coyo-ve-qwen3vl-2048,cosine,100000,e05,0.5,128,64,0.94750234375,0.83477,0.95696,0.987196,249.100923859375,246.608298,295.02850579999995,340.371738,756.8984375,738,958,2931153.0625
coyo-ve-qwen3vl-2048,cosine,100000,e075,0.75,128,64,0.9830150781250001,0.94638,0.986515,0.993356,359.10165210937504,351.81042,411.325099,463.263553,1685.015625,1665,1897,6710919.453125
coyo-ve-qwen3vl-2048,cosine,100000,e1,1,128,64,0.9923596875,0.98581,0.99261,0.995295,591.727723390625,585.091905,659.16660665,670.256279,3756,3756,3756,15380795
coyo-ve-qwen3vl-2048,cosine,100000,baseline,,128,64,0.94750234375,0.83477,0.95696,0.987196,250.37945014062498,248.2158265,293.35983094999995,344.408454,756.8984375,738,958,2931153.0625
