dataset,metric,k,policy,queries,timing_queries,recall,recall_min,recall_p50,recall_p90,recall_p95,recall_p99,recall_max,returned_mean,returned_p50,returned_p90,returned_p95,returned_p99,returned_max,latency_ms_mean,latency_ms_p50,latency_ms_p90,latency_ms_p95,latency_ms_p99,latency_ms_max,partitions_mean,partitions_p50,partitions_p90,partitions_p95,partitions_p99,partitions_max,scanned_rows_mean,scanned_rows_p50,scanned_rows_p90,scanned_rows_p95,scanned_rows_p99,scanned_rows_max
dino-10m,l2,1,candidate,512,128,1,1,1,1,1,1,1,1,1,1,1,1,1,1826.8246078593752,2211.802648,2986.7843332,3019.18540265,3065.9277555999997,3087.476944,1558.8203125,1946.5,2386,2413,2440,2441,6423778.234375,8060034.5,9791232.8,9893891,9999994,10000000
dino-10m,l2,1,baseline,32,32,0.53125,0,1,1,1,1,1,1,1,1,1,1,1,4.792348624999999,4.782724,5.7944504000000014,5.8753252,6.425737530000001,6.653351,1,1,1,1,1,1,4596.8125,4519.5,5657.200000000001,6118.4,6733.4400000000005,6819
dino-10m,l2,10,candidate,512,128,1,1,1,1,1,1,1,10,10,10,10,10,10,1819.77028921875,2199.2130845,2968.0546403,3001.33478545,3032.4782174,3048.488809,1558.8203125,1946.5,2386,2413,2440,2441,6423778.234375,8060034.5,9791232.8,9893891,9999994,10000000
dino-10m,l2,10,baseline,32,32,1,1,1,1,1,1,1,10,10,10,10,10,10,3039.0930550000003,3031.70531,3058.3417756,3117.97015605,3127.81105973,3129.400931,2441,2441,2441,2441,2441,2441,10000000,10000000,10000000,10000000,10000000,10000000
dino-10m,l2,100,candidate,512,128,0.9999609375,0.99,1,1,1,1,1,100,100,100,100,100,100,1814.4212211249999,2184.3285495,2962.7900919,2994.7004220000003,3035.0276673,3040.290681,1558.8203125,1946.5,2386,2413,2440,2441,6423778.234375,8060034.5,9791232.8,9893891,9999994,10000000
dino-10m,l2,100,baseline,32,32,1,1,1,1,1,1,1,100,100,100,100,100,100,3036.4385907812502,3032.70593,3066.0812492,3073.3371331999997,3080.96417734,3082.058752,2441,2441,2441,2441,2441,2441,10000000,10000000,10000000,10000000,10000000,10000000
dino-10m,l2,1000,candidate,512,128,0.999810546875,0.97,1,1,1,1,1,1000,1000,1000,1000,1000,1000,1829.6036776718752,2215.9201315,2996.2047284,3021.16564815,3038.0258343,3054.214586,1558.8203125,1946.5,2386,2413,2440,2441,6423778.234375,8060034.5,9791232.8,9893891,9999994,10000000
dino-10m,l2,1000,baseline,32,32,1,1,1,1,1,1,1,1000,1000,1000,1000,1000,1000,3041.4048153125,3035.337297,3051.2996612,3102.40077275,3117.10335062,3122.886183,2441,2441,2441,2441,2441,2441,10000000,10000000,10000000,10000000,10000000,10000000
dino-10m,l2,10000,candidate,512,128,0.995876953125,0.6159,1,1,1,1,1,10000,10000,10000,10000,10000,10000,1837.9472000937499,2212.8549905,3000.4384004999997,3034.8591764499997,3091.42102476,3137.57616,1558.8203125,1946.5,2386,2413,2440,2441,6423778.234375,8060034.5,9791232.8,9893891,9999994,10000000
dino-10m,l2,10000,baseline,32,32,0.999996875,0.9999,1,1,1,1,1,10000,10000,10000,10000,10000,10000,3034.17346740625,3031.280159,3075.1185887,3085.693666,3099.02435775,3102.917733,2441,2441,2441,2441,2441,2441,10000000,10000000,10000000,10000000,10000000,10000000
dino-10m,l2,100000,candidate,512,128,0.9674779101562501,0.29265,0.99994,1,1,1,1,100000,100000,100000,100000,100000,100000,1923.079711703125,2292.0848029999997,3112.881362,3130.69123525,3166.95238435,3191.347982,1558.9609375,1946.5,2386,2413,2440,2441,6424343.87109375,8060034.5,9791232.8,9893891,9999994,10000000
dino-10m,l2,100000,baseline,32,32,0.999994375,0.99998,0.999995,1,1,1,1,100000,100000,100000,100000,100000,100000,3117.2427538437496,3107.402373,3148.5853511,3170.74177255,3204.58975644,3217.697789,2441,2441,2441,2441,2441,2441,10000000,10000000,10000000,10000000,10000000,10000000
laion-10m,cosine,1,candidate,512,128,0.998046875,0,1,1,1,1,1,1,1,1,1,1,1,1683.7766568515626,2233.8432965,2271.8166148,2275.75607055,2297.34757019,2322.941858,1814.392578125,2338.5,2438.9,2441,2441,2441,7503517.0234375,9673256,9999225.1,10000000,10000000,10000000
laion-10m,cosine,1,baseline,32,32,0.5,0,0.5,1,1,1,1,1,1,1,1,1,1,4.40129853125,4.3640045,5.7174862000000015,5.80391965,5.88422542,5.915665,1,1,1,1,1,1,4500.125,3992.5,6875.500000000001,7303.3,8634.550000000003,9160
laion-10m,cosine,10,candidate,512,128,0.9990234375,0.9,1,1,1,1,1,10,10,10,10,10,10,1687.2232126875,2243.869946,2271.6129062,2279.7796154,2333.62577668,2351.52164,1814.392578125,2338.5,2438.9,2441,2441,2441,7503517.0234375,9673256,9999225.1,10000000,10000000,10000000
laion-10m,cosine,10,baseline,32,32,1,1,1,1,1,1,1,10,10,10,10,10,10,2288.165597125,2283.4524405,2302.0456482,2324.6310298500002,2366.25690275,2373.842347,2440.09375,2441,2441,2441,2441,2441,9999484.875,10000000,10000000,10000000,10000000,10000000
laion-10m,cosine,100,candidate,512,128,0.99986328125,0.97,1,1,1,1,1,100,100,100,100,100,100,1688.74758084375,2243.7917509999997,2274.0728577,2283.2949549,2322.2994152,2344.073952,1814.392578125,2338.5,2438.9,2441,2441,2441,7503517.0234375,9673256,9999225.1,10000000,10000000,10000000
laion-10m,cosine,100,baseline,32,32,1,1,1,1,1,1,1,100,100,100,100,100,100,2294.8604064375004,2288.7928519999996,2311.3793018,2336.86207835,2356.16779977,2361.849707,2441,2441,2441,2441,2441,2441,10000000,10000000,10000000,10000000,10000000,10000000
laion-10m,cosine,1000,candidate,512,128,0.999607421875,0.897,1,1,1,1,1,1000,1000,1000,1000,1000,1000,1688.2845574453127,2240.417362,2275.9983787,2299.4891228,2334.75400075,2346.816019,1814.392578125,2338.5,2438.9,2441,2441,2441,7503517.0234375,9673256,9999225.1,10000000,10000000,10000000
laion-10m,cosine,1000,baseline,32,32,1,1,1,1,1,1,1,1000,1000,1000,1000,1000,1000,2289.76037946875,2284.542042,2300.6167087,2329.6320312000003,2356.29054823,2360.566771,2441,2441,2441,2441,2441,2441,10000000,10000000,10000000,10000000,10000000,10000000
laion-10m,cosine,10000,candidate,512,128,0.9948189453125,0.2574,1,1,1,1,1,10000,10000,10000,10000,10000,10000,1705.7740080468752,2263.9322005000004,2302.3991287,2313.92334285,2339.27580284,2347.416796,1814.404296875,2338.5,2438.9,2441,2441,2441,7503563.162109375,9673256,9999225.1,10000000,10000000,10000000
laion-10m,cosine,10000,baseline,32,32,1,1,1,1,1,1,1,10000,10000,10000,10000,10000,10000,2299.54348746875,2298.0195365,2308.7573957,2311.05093135,2353.90515968,2372.601902,2441,2441,2441,2441,2441,2441,10000000,10000000,10000000,10000000,10000000,10000000
laion-10m,cosine,100000,candidate,512,128,0.9688336523437501,0.18652,1,1,1,1,1,100000,100000,100000,100000,100000,100000,1782.4421254140625,2329.7118495,2393.8990049999998,2408.2135246,2435.80245887,2461.722238,1814.767578125,2338.5,2438.9,2441,2441,2441,7505071.080078125,9673256,9999225.1,10000000,10000000,10000000
laion-10m,cosine,100000,baseline,32,32,0.9999996875,0.99999,1,1,1,1,1,100000,100000,100000,100000,100000,100000,2397.25908053125,2399.6729955,2422.7071289,2425.4469986500003,2431.3441941,2433.798988,2441,2441,2441,2441,2441,2441,10000000,10000000,10000000,10000000,10000000,10000000
fineweb-10m,cosine,1,candidate,512,128,1,1,1,1,1,1,1,1,1,1,1,1,1,2224.422212671875,2252.081323,2267.9665477999997,2281.1575080999996,2319.55893388,2352.600202,2412.005859375,2439,2441,2441,2441,2441,9893401.69921875,9998937,10000000,10000000,10000000,10000000
fineweb-10m,cosine,1,baseline,32,32,0.46875,0,0,1,1,1,1,1,1,1,1,1,1,4.4388235,4.637684,5.229561800000001,5.3244092,5.37369462,5.383335,1,1,1,1,1,1,4144.15625,4098.5,5429.500000000001,5613.4,6221.520000000001,6472
fineweb-10m,cosine,10,candidate,512,128,0.9990234375,0.9,1,1,1,1,1,10,10,10,10,10,10,2237.6679593671874,2264.723149,2279.1791004,2305.2890936999997,2339.36637547,2349.916995,2412.005859375,2439,2441,2441,2441,2441,9893401.69921875,9998937,10000000,10000000,10000000,10000000
fineweb-10m,cosine,10,baseline,32,32,1,1,1,1,1,1,1,10,10,10,10,10,10,2268.76993603125,2266.4528069999997,2280.5546832,2304.9060714,2310.73067438,2312.594767,2441,2441,2441,2441,2441,2441,10000000,10000000,10000000,10000000,10000000,10000000
fineweb-10m,cosine,100,candidate,512,128,0.9999609375,0.99,1,1,1,1,1,100,100,100,100,100,100,2250.710861703125,2277.68503,2293.9231194,2322.15473255,2366.3893744800002,2369.01527,2412.005859375,2439,2441,2441,2441,2441,9893401.69921875,9998937,10000000,10000000,10000000,10000000
fineweb-10m,cosine,100,baseline,32,32,1,1,1,1,1,1,1,100,100,100,100,100,100,2264.8632875000003,2262.3906555000003,2269.1650848,2271.108844,2320.00351568,2341.491157,2441,2441,2441,2441,2441,2441,10000000,10000000,10000000,10000000,10000000,10000000
fineweb-10m,cosine,1000,candidate,512,128,0.99999609375,0.999,1,1,1,1,1,1000,1000,1000,1000,1000,1000,2253.5739236953123,2282.822748,2297.9223899,2323.0142158999997,2364.9095281400005,2376.138754,2412.005859375,2439,2441,2441,2441,2441,9893401.69921875,9998937,10000000,10000000,10000000,10000000
fineweb-10m,cosine,1000,baseline,32,32,0.9999687500000001,0.999,1,1,1,1,1,1000,1000,1000,1000,1000,1000,2278.8805395937497,2272.85679,2294.031633,2313.7182684,2332.52396658,2338.888664,2441,2441,2441,2441,2441,2441,10000000,10000000,10000000,10000000,10000000,10000000
fineweb-10m,cosine,10000,candidate,512,128,0.9999705078125001,0.9918,1,1,1,1,1,10000,10000,10000,10000,10000,10000,2262.0751944609374,2288.859558,2311.6786794,2338.3465276999996,2367.9012378499997,2379.17181,2412.005859375,2439,2441,2441,2441,2441,9893401.69921875,9998937,10000000,10000000,10000000,10000000
fineweb-10m,cosine,10000,baseline,32,32,0.999996875,0.9999,1,1,1,1,1,10000,10000,10000,10000,10000,10000,2285.80210140625,2286.9708794999997,2297.3844838,2301.9157699,2319.33967875,2326.781221,2441,2441,2441,2441,2441,2441,10000000,10000000,10000000,10000000,10000000,10000000
fineweb-10m,cosine,100000,candidate,512,128,0.9998323242187501,0.94642,1,1,1,1,1,100000,100000,100000,100000,100000,100000,2349.636967484375,2378.885435,2406.0595036,2420.02269615,2442.3738378900002,2494.164453,2412.005859375,2439,2441,2441,2441,2441,9893401.69921875,9998937,10000000,10000000,10000000,10000000
fineweb-10m,cosine,100000,baseline,32,32,0.9999984375000001,0.99999,1,1,1,1,1,100000,100000,100000,100000,100000,100000,2393.2206204374997,2390.3159225,2416.3082644,2433.31975445,2460.59718444,2466.974311,2441,2441,2441,2441,2441,2441,10000000,10000000,10000000,10000000,10000000,10000000
wiki-cohere-35m,dot,1,candidate,512,128,1,1,1,1,1,1,1,1,1,1,1,1,1,7802.6483479375,7803.31052,7856.6828439,7874.33459205,7886.54398808,7915.679457,8496.09375,8501,8520.9,8523,8529,8533,34996742.376953125,34999817.5,34999920,34999943,34999961,34999969
wiki-cohere-35m,dot,1,baseline,32,32,0.46875,0,0,1,1,1,1,1,1,1,1,1,1,5.9977072499999995,6.2189565,6.9965428,7.13466685,7.48294144,7.590256,1,1,1,1,1,1,4287.96875,4172.5,5859.700000000001,6166.2,6516.27,6635
wiki-cohere-35m,dot,10,candidate,512,128,1,1,1,1,1,1,1,10,10,10,10,10,10,7779.211417429688,7771.838018,7832.6385051,7870.12428355,7887.69619973,7894.37366,8496.09375,8501,8520.9,8523,8529,8533,34996742.376953125,34999817.5,34999920,34999943,34999961,34999969
wiki-cohere-35m,dot,10,baseline,32,32,1,1,1,1,1,1,1,10,10,10,10,10,10,7772.63026934375,7761.4703025,7823.9685246,7831.382224049999,7838.96733643,7839.879898,8545,8545,8545,8545,8545,8545,35000000,35000000,35000000,35000000,35000000,35000000
wiki-cohere-35m,dot,100,candidate,512,128,1,1,1,1,1,1,1,100,100,100,100,100,100,7802.516397882813,7790.530920499999,7883.5147085,7892.3063812,7944.43711132,7953.963497,8496.09375,8501,8520.9,8523,8529,8533,34996742.376953125,34999817.5,34999920,34999943,34999961,34999969
wiki-cohere-35m,dot,100,baseline,32,32,1,1,1,1,1,1,1,100,100,100,100,100,100,7809.19817346875,7806.9614409999995,7861.6829429,7868.1578300500005,7878.3158702,7881.176854,8545,8545,8545,8545,8545,8545,35000000,35000000,35000000,35000000,35000000,35000000
wiki-cohere-35m,dot,1000,candidate,512,128,0.999998046875,0.999,1,1,1,1,1,1000,1000,1000,1000,1000,1000,7790.934263257813,7787.3456245,7842.5363597,7854.688467100001,7881.57187859,7910.602784,8496.09375,8501,8520.9,8523,8529,8533,34996742.376953125,34999817.5,34999920,34999943,34999961,34999969
wiki-cohere-35m,dot,1000,baseline,32,32,1,1,1,1,1,1,1,1000,1000,1000,1000,1000,1000,7812.0244018124995,7803.0463585,7866.0876096,7869.33090485,7873.3699774100005,7875.020693,8545,8545,8545,8545,8545,8545,35000000,35000000,35000000,35000000,35000000,35000000
wiki-cohere-35m,dot,10000,candidate,512,128,0.999996875,0.9999,1,1,1,1,1,10000,10000,10000,10000,10000,10000,7808.928158617187,7806.2909535,7848.080196299999,7864.4532592,7887.45358391,7887.861903,8496.09375,8501,8520.9,8523,8529,8533,34996742.376953125,34999817.5,34999920,34999943,34999961,34999969
wiki-cohere-35m,dot,10000,baseline,32,32,1,1,1,1,1,1,1,10000,10000,10000,10000,10000,10000,7836.39815875,7836.9290645,7893.6911677,7906.9520277,7928.14687262,7931.127088,8545,8545,8545,8545,8545,8545,35000000,35000000,35000000,35000000,35000000,35000000
wiki-cohere-35m,dot,100000,candidate,512,128,0.9999976367187502,0.99998,1,1,1,1,1,100000,100000,100000,100000,100000,100000,7923.037277187501,7922.1817745,7974.451881,7992.1964908499995,8033.78486935,8052.169337,8496.09375,8501,8520.9,8523,8529,8533,34996742.376953125,34999817.5,34999920,34999943,34999961,34999969
wiki-cohere-35m,dot,100000,baseline,32,32,0.9999968749999999,0.99999,1,1,1,1,1,100000,100000,100000,100000,100000,100000,7908.796193625,7901.6282535,7956.305318199999,7969.45979035,7987.3012256600005,7995.048595,8545,8545,8545,8545,8545,8545,35000000,35000000,35000000,35000000,35000000,35000000
dpr-wikipedia-single-nq,dot,1,candidate,512,128,1,1,1,1,1,1,1,1,1,1,1,1,1,1207.97825678125,1063.968292,2275.6369397,2468.66776695,2731.5462642100006,2906.520433,1339.70703125,1195.5,2357.9,2650.999999999999,3053.91,3468,5417334.259765625,4795603,9562247.600000001,10738032.249999998,12406792.76,14123917
dpr-wikipedia-single-nq,dot,1,baseline,32,32,1,1,1,1,1,1,1,1,1,1,1,1,1,3111.43539240625,3192.7093624999998,3852.7161517,3954.13366825,4179.1079254900005,4227.122282,3462.1875,3548,4264.9,4405.9,4632.150000000001,4674,14160213.5,14519379.5,17500212.1,18071763.5,18997831.75,19179701
dpr-wikipedia-single-nq,dot,10,candidate,512,128,0.9998046875,0.9,1,1,1,1,1,10,10,10,10,10,10,1209.6736702656249,1070.1871645,2303.9424312,2480.13130065,2735.7386753,2899.920966,1339.70703125,1195.5,2357.9,2650.999999999999,3053.91,3468,5417334.259765625,4795603,9562247.600000001,10738032.249999998,12406792.76,14123917
dpr-wikipedia-single-nq,dot,10,baseline,32,32,0.2625,0,0.1,0.8,0.945,1,1,10,10,10,10,10,10,4.7543563437500005,4.6607705,5.817967200000001,5.93675255,5.99621387,5.998515,1,1,1,1,1,1,3888.375,3883.5,4785.1,5730.5,6152.160000000001,6265
dpr-wikipedia-single-nq,dot,100,candidate,512,128,0.9983984375,0.93,1,1,1,1,1,100,100,100,100,100,100,1207.8981401093752,1064.7509220000002,2285.2022788,2464.5813718,2731.5451972,2884.734584,1339.70703125,1195.5,2357.9,2650.999999999999,3053.91,3468,5417334.259765625,4795603,9562247.600000001,10738032.249999998,12406792.76,14123917
dpr-wikipedia-single-nq,dot,100,baseline,32,32,0.22250000000000003,0,0.085,0.658,0.689,0.8656000000000003,0.94,100,100,100,100,100,100,4.91067728125,4.9088725,5.9049822,6.1433046,6.38415176,6.426499,1,1,1,1,1,1,3888.375,3883.5,4785.1,5730.5,6152.160000000001,6265
dpr-wikipedia-single-nq,dot,1000,candidate,512,128,0.996716796875,0.949,0.999,1,1,1,1,1000,1000,1000,1000,1000,1000,1210.1755595234376,1068.663674,2284.4509367,2477.2663943000002,2732.67446912,2911.054397,1339.70703125,1195.5,2357.9,2650.999999999999,3053.91,3468,5417334.259765625,4795603,9562247.600000001,10738032.249999998,12406792.76,14123917
dpr-wikipedia-single-nq,dot,1000,baseline,32,32,0.173,0.002,0.098,0.43650000000000005,0.574,0.6531100000000001,0.659,1000,1000,1000,1000,1000,1000,5.083644,5.0661225000000005,5.9685249,6.37454725,6.49116687,6.508007,1,1,1,1,1,1,3888.375,3883.5,4785.1,5730.5,6152.160000000001,6265
dpr-wikipedia-single-nq,dot,10000,candidate,512,128,0.9906412109375,0.8783,0.99585,0.9995,0.9998,1,1,10000,10000,10000,10000,10000,10000,1209.8600177578126,1070.960544,2304.1009202,2461.08741845,2726.0704772500003,2895.033855,1339.70703125,1195.5,2357.9,2650.999999999999,3053.91,3468,5417334.259765625,4795603,9562247.600000001,10738032.249999998,12406792.76,14123917
dpr-wikipedia-single-nq,dot,10000,baseline,32,32,0.212675,0.0311,0.17745,0.38373,0.423775,0.5602630000000002,0.6138,10000,10000,10000,10000,10000,10000,10.507721468749999,10.453547499999999,11.225336,11.81757755,12.53209719,12.706271,3.03125,3,4,4,4,4,11901.0625,11872.5,13119,13578.7,13873.79,13995
dpr-wikipedia-single-nq,dot,100000,candidate,512,128,0.9611219726562501,0.71263,0.9772799999999999,0.996054,0.998137,0.9994067,0.99976,100000,100000,100000,100000,100000,100000,1320.832076484375,1219.2414305,2412.9751118,2612.61893695,2881.5119024000005,3070.511797,1339.70703125,1195.5,2357.9,2650.999999999999,3053.91,3468,5417334.259765625,4795603,9562247.600000001,10738032.249999998,12406792.76,14123917
dpr-wikipedia-single-nq,dot,100000,baseline,32,32,0.29870937499999994,0.17004,0.27613,0.41950800000000005,0.4523965,0.5245753000000001,0.54174,100000,100000,100000,100000,100000,100000,78.070160625,77.7489815,82.01838719999999,83.07083175,84.23651192999999,84.639046,25.65625,26,28,28,28.69,29,101995.34375,101597.5,103630.9,104157.6,105693.54000000001,106179
