dataset,k,policy,queries,recall,latency_ms_mean,latency_ms_p50,latency_ms_p90,latency_ms_p95,latency_ms_p99,latency_ms_max,partitions_mean,partitions_p50,partitions_p90,partitions_p95,partitions_p99,partitions_max,scanned_rows_mean,scanned_rows_p50,scanned_rows_p90,scanned_rows_p95,scanned_rows_p99,scanned_rows_max
dino-10m,1,candidate,32,1,1976.6154638125001,2334.6802745,2956.7098403,2979.0832298,3016.14172732,3023.079195,1576.3125,1857,2380.4,2390.1,2423.46,2434,6501826.71875,7679887.5,9772864.1,9811174.5,9936826.13,9975445
dino-10m,1,baseline,32,0.53125,4.792348624999999,4.782724,5.7944504000000014,5.8753252,6.425737530000001,6.653351,1,1,1,1,1,1,4596.8125,4519.5,5657.200000000001,6118.4,6733.4400000000005,6819
dino-10m,10,candidate,32,1,1978.73449784375,2334.5423885,2969.6334449,3004.25681305,3044.37271022,3048.488809,1576.3125,1857,2380.4,2390.1,2423.46,2434,6501826.71875,7679887.5,9772864.1,9811174.5,9936826.13,9975445
dino-10m,10,baseline,32,1,3039.0930550000003,3031.70531,3058.3417756,3117.97015605,3127.81105973,3129.400931,2441,2441,2441,2441,2441,2441,10000000,10000000,10000000,10000000,10000000,10000000
dino-10m,100,candidate,32,1,1967.8061471874998,2313.6492445,2952.3929859,2998.65975825,3030.49261398,3039.163017,1576.3125,1857,2380.4,2390.1,2423.46,2434,6501826.71875,7679887.5,9772864.1,9811174.5,9936826.13,9975445
dino-10m,100,baseline,32,1,3036.4385907812502,3032.70593,3066.0812492,3073.3371331999997,3080.96417734,3082.058752,2441,2441,2441,2441,2441,2441,10000000,10000000,10000000,10000000,10000000,10000000
dino-10m,1000,candidate,32,0.99965625,1978.9638694375,2330.4086785,2975.0526211,3010.7390126,3037.6088139,3040.840722,1576.3125,1857,2380.4,2390.1,2423.46,2434,6501826.71875,7679887.5,9772864.1,9811174.5,9936826.13,9975445
dino-10m,1000,baseline,32,1,3041.4048153125,3035.337297,3051.2996612,3102.40077275,3117.10335062,3122.886183,2441,2441,2441,2441,2441,2441,10000000,10000000,10000000,10000000,10000000,10000000
dino-10m,10000,candidate,32,0.997840625,1991.74069178125,2378.4557545,2982.2506716,3000.15877485,3038.59063817,3054.269196,1576.3125,1857,2380.4,2390.1,2423.46,2434,6501826.71875,7679887.5,9772864.1,9811174.5,9936826.13,9975445
dino-10m,10000,baseline,32,0.999996875,3034.17346740625,3031.280159,3075.1185887,3085.693666,3099.02435775,3102.917733,2441,2441,2441,2441,2441,2441,10000000,10000000,10000000,10000000,10000000,10000000
dino-10m,100000,candidate,32,0.9677509375,2076.43462565625,2456.85253,3065.6481582,3102.71528165,3138.36688422,3142.663558,1576.84375,1857,2380.4,2390.1,2423.46,2434,6503674.46875,7679887.5,9772864.1,9811174.5,9936826.13,9975445
dino-10m,100000,baseline,32,0.999994375,3117.2427538437496,3107.402373,3148.5853511,3170.74177255,3204.58975644,3217.697789,2441,2441,2441,2441,2441,2441,10000000,10000000,10000000,10000000,10000000,10000000
laion-10m,1,candidate,32,1,1719.4635649062498,2234.9838099999997,2266.822458,2271.91250585,2307.4475055800003,2322.941858,1834.6875,2395.5,2437.7,2439.35,2441,2441,7574818.9375,9906331.5,9997472.3,9999569.35,10000000,10000000
laion-10m,1,baseline,32,0.5,4.40129853125,4.3640045,5.7174862000000015,5.80391965,5.88422542,5.915665,1,1,1,1,1,1,4500.125,3992.5,6875.500000000001,7303.3,8634.550000000003,9160
laion-10m,10,candidate,32,1,1724.9962933124998,2252.779273,2269.8838078,2273.53092665,2284.17064471,2287.849092,1834.6875,2395.5,2437.7,2439.35,2441,2441,7574818.9375,9906331.5,9997472.3,9999569.35,10000000,10000000
laion-10m,10,baseline,32,1,2288.165597125,2283.4524405,2302.0456482,2324.6310298500002,2366.25690275,2373.842347,2440.09375,2441,2441,2441,2441,2441,9999484.875,10000000,10000000,10000000,10000000,10000000
laion-10m,100,candidate,32,1,1718.2977604687499,2239.8225455,2266.9042798,2273.21159975,2290.23238167,2294.91448,1834.6875,2395.5,2437.7,2439.35,2441,2441,7574818.9375,9906331.5,9997472.3,9999569.35,10000000,10000000
laion-10m,100,baseline,32,1,2294.8604064375004,2288.7928519999996,2311.3793018,2336.86207835,2356.16779977,2361.849707,2441,2441,2441,2441,2441,2441,10000000,10000000,10000000,10000000,10000000,10000000
laion-10m,1000,candidate,32,0.9999687500000001,1723.7106525625,2240.4732175,2271.2095891999998,2296.43103415,2338.01694087,2346.816019,1834.6875,2395.5,2437.7,2439.35,2441,2441,7574818.9375,9906331.5,9997472.3,9999569.35,10000000,10000000
laion-10m,1000,baseline,32,1,2289.76037946875,2284.542042,2300.6167087,2329.6320312000003,2356.29054823,2360.566771,2441,2441,2441,2441,2441,2441,10000000,10000000,10000000,10000000,10000000,10000000
laion-10m,10000,candidate,32,0.9985781250000001,1737.0318309999998,2254.1645245,2296.5800548,2317.5455899,2339.11686652,2340.348623,1834.6875,2395.5,2437.7,2439.35,2441,2441,7574818.9375,9906331.5,9997472.3,9999569.35,10000000,10000000
laion-10m,10000,baseline,32,1,2299.54348746875,2298.0195365,2308.7573957,2311.05093135,2353.90515968,2372.601902,2441,2441,2441,2441,2441,2441,10000000,10000000,10000000,10000000,10000000,10000000
laion-10m,100000,candidate,32,0.97400375,1822.3749806874998,2338.9494215000004,2403.9250424,2416.3555277,2428.12865053,2428.34932,1834.6875,2395.5,2437.7,2439.35,2441,2441,7574818.9375,9906331.5,9997472.3,9999569.35,10000000,10000000
laion-10m,100000,baseline,32,0.9999996875,2397.25908053125,2399.6729955,2422.7071289,2425.4469986500003,2431.3441941,2433.798988,2441,2441,2441,2441,2441,2441,10000000,10000000,10000000,10000000,10000000,10000000
fineweb-10m,1,candidate,32,1,2190.71346565625,2254.9998969999997,2266.7821789,2268.0296447,2297.60973531,2310.795399,2365.5,2440,2441,2441,2441,2441,9698972.46875,9998939,10000000,10000000,10000000,10000000
fineweb-10m,1,baseline,32,0.46875,4.4388235,4.637684,5.229561800000001,5.3244092,5.37369462,5.383335,1,1,1,1,1,1,4144.15625,4098.5,5429.500000000001,5613.4,6221.520000000001,6472
fineweb-10m,10,candidate,32,1,2201.64484503125,2266.08628,2286.2666799999997,2300.77558145,2317.91214292,2322.712638,2365.5,2440,2441,2441,2441,2441,9698972.46875,9998939,10000000,10000000,10000000,10000000
fineweb-10m,10,baseline,32,1,2268.76993603125,2266.4528069999997,2280.5546832,2304.9060714,2310.73067438,2312.594767,2441,2441,2441,2441,2441,2441,10000000,10000000,10000000,10000000,10000000,10000000
fineweb-10m,100,candidate,32,1,2211.939883,2274.150365,2293.0349226,2325.2870746999997,2367.27199213,2369.01527,2365.5,2440,2441,2441,2441,2441,9698972.46875,9998939,10000000,10000000,10000000,10000000
fineweb-10m,100,baseline,32,1,2264.8632875000003,2262.3906555000003,2269.1650848,2271.108844,2320.00351568,2341.491157,2441,2441,2441,2441,2441,2441,10000000,10000000,10000000,10000000,10000000,10000000
fineweb-10m,1000,candidate,32,0.9999687500000001,2217.7498749375,2282.0260495,2294.9437907,2297.611453,2329.8504235600003,2343.473722,2365.5,2440,2441,2441,2441,2441,9698972.46875,9998939,10000000,10000000,10000000,10000000
fineweb-10m,1000,baseline,32,0.9999687500000001,2278.8805395937497,2272.85679,2294.031633,2313.7182684,2332.52396658,2338.888664,2441,2441,2441,2441,2441,2441,10000000,10000000,10000000,10000000,10000000,10000000
fineweb-10m,10000,candidate,32,0.999740625,2230.1940735937496,2289.3640004999997,2314.1374765,2348.19108965,2371.15256663,2379.17181,2365.5,2440,2441,2441,2441,2441,9698972.46875,9998939,10000000,10000000,10000000,10000000
fineweb-10m,10000,baseline,32,0.999996875,2285.80210140625,2286.9708794999997,2297.3844838,2301.9157699,2319.33967875,2326.781221,2441,2441,2441,2441,2441,2441,10000000,10000000,10000000,10000000,10000000,10000000
fineweb-10m,100000,candidate,32,0.9983228125000001,2312.2884556562503,2378.2065445,2393.465595,2432.82217575,2441.92604617,2445.396432,2365.5,2440,2441,2441,2441,2441,9698972.46875,9998939,10000000,10000000,10000000,10000000
fineweb-10m,100000,baseline,32,0.9999984375000001,2393.2206204374997,2390.3159225,2416.3082644,2433.31975445,2460.59718444,2466.974311,2441,2441,2441,2441,2441,2441,10000000,10000000,10000000,10000000,10000000,10000000
wiki-cohere-35m,1,candidate,32,1,7772.0275271875,7775.6342,7812.2442856,7825.69633625,7861.14509232,7871.298624,8495.40625,8498,8518.8,8525,8527.07,8528,34998008.59375,34999798,34999920.7,34999945.35,34999947.69,34999948
wiki-cohere-35m,1,baseline,32,0.46875,5.9977072499999995,6.2189565,6.9965428,7.13466685,7.48294144,7.590256,1,1,1,1,1,1,4287.96875,4172.5,5859.700000000001,6166.2,6516.27,6635
wiki-cohere-35m,10,candidate,32,1,7789.4288878125,7774.8986785,7834.0813647,7860.6739787999995,7876.44235299,7880.455139,8495.40625,8498,8518.8,8525,8527.07,8528,34998008.59375,34999798,34999920.7,34999945.35,34999947.69,34999948
wiki-cohere-35m,10,baseline,32,1,7772.63026934375,7761.4703025,7823.9685246,7831.382224049999,7838.96733643,7839.879898,8545,8545,8545,8545,8545,8545,35000000,35000000,35000000,35000000,35000000,35000000
wiki-cohere-35m,100,candidate,32,1,7766.01210675,7759.1260795,7811.1432744,7815.199264450001,7822.7666456,7825.236769,8495.40625,8498,8518.8,8525,8527.07,8528,34998008.59375,34999798,34999920.7,34999945.35,34999947.69,34999948
wiki-cohere-35m,100,baseline,32,1,7809.19817346875,7806.9614409999995,7861.6829429,7868.1578300500005,7878.3158702,7881.176854,8545,8545,8545,8545,8545,8545,35000000,35000000,35000000,35000000,35000000,35000000
wiki-cohere-35m,1000,candidate,32,1,7780.007638875,7778.077522,7805.645008500001,7826.28518105,7843.47934892,7844.664283,8495.40625,8498,8518.8,8525,8527.07,8528,34998008.59375,34999798,34999920.7,34999945.35,34999947.69,34999948
wiki-cohere-35m,1000,baseline,32,1,7812.0244018124995,7803.0463585,7866.0876096,7869.33090485,7873.3699774100005,7875.020693,8545,8545,8545,8545,8545,8545,35000000,35000000,35000000,35000000,35000000,35000000
wiki-cohere-35m,10000,candidate,32,1,7816.95212253125,7812.9548305,7860.070188600001,7873.0279284,7887.79982891,7887.861903,8495.40625,8498,8518.8,8525,8527.07,8528,34998008.59375,34999798,34999920.7,34999945.35,34999947.69,34999948
wiki-cohere-35m,10000,baseline,32,1,7836.39815875,7836.9290645,7893.6911677,7906.9520277,7928.14687262,7931.127088,8545,8545,8545,8545,8545,8545,35000000,35000000,35000000,35000000,35000000,35000000
wiki-cohere-35m,100000,candidate,32,0.9999965625,7924.3828727499995,7913.134147500001,7979.3910567,8002.9384279,8033.4702495500005,8035.908553,8495.40625,8498,8518.8,8525,8527.07,8528,34998008.59375,34999798,34999920.7,34999945.35,34999947.69,34999948
wiki-cohere-35m,100000,baseline,32,0.9999968749999999,7908.796193625,7901.6282535,7956.305318199999,7969.45979035,7987.3012256600005,7995.048595,8545,8545,8545,8545,8545,8545,35000000,35000000,35000000,35000000,35000000,35000000
dpr-wikipedia-single-nq,1,candidate,32,1,1098.4873553749999,931.389639,1810.5390791000004,2190.12382475,2559.0390001700007,2689.714507,1215.8125,1051,2010.8000000000004,2439.4,2847.9900000000007,2994,4930667,4200665,8189947.800000002,9912043.65,11542771.420000002,12125546
dpr-wikipedia-single-nq,1,baseline,32,1,3111.43539240625,3192.7093624999998,3852.7161517,3954.13366825,4179.1079254900005,4227.122282,3462.1875,3548,4264.9,4405.9,4632.150000000001,4674,14160213.5,14519379.5,17500212.1,18071763.5,18997831.75,19179701
dpr-wikipedia-single-nq,10,candidate,32,1,1097.0361674687501,934.349916,1811.4313271000003,2216.4745166999996,2582.5095086100005,2701.451663,1215.8125,1051,2010.8000000000004,2439.4,2847.9900000000007,2994,4930667,4200665,8189947.800000002,9912043.65,11542771.420000002,12125546
dpr-wikipedia-single-nq,10,baseline,32,0.2625,4.7543563437500005,4.6607705,5.817967200000001,5.93675255,5.99621387,5.998515,1,1,1,1,1,1,3888.375,3883.5,4785.1,5730.5,6152.160000000001,6265
dpr-wikipedia-single-nq,100,candidate,32,0.998125,1099.44189903125,937.1270300000001,1827.9788787000005,2228.3875182,2554.0368366400007,2679.558179,1215.8125,1051,2010.8000000000004,2439.4,2847.9900000000007,2994,4930667,4200665,8189947.800000002,9912043.65,11542771.420000002,12125546
dpr-wikipedia-single-nq,100,baseline,32,0.22250000000000003,4.91067728125,4.9088725,5.9049822,6.1433046,6.38415176,6.426499,1,1,1,1,1,1,3888.375,3883.5,4785.1,5730.5,6152.160000000001,6265
dpr-wikipedia-single-nq,1000,candidate,32,0.9960312499999999,1099.90029640625,937.9915665000001,1816.6779033000005,2200.22073435,2566.4953577300007,2696.839978,1215.8125,1051,2010.8000000000004,2439.4,2847.9900000000007,2994,4930667,4200665,8189947.800000002,9912043.65,11542771.420000002,12125546
dpr-wikipedia-single-nq,1000,baseline,32,0.173,5.083644,5.0661225000000005,5.9685249,6.37454725,6.49116687,6.508007,1,1,1,1,1,1,3888.375,3883.5,4785.1,5730.5,6152.160000000001,6265
dpr-wikipedia-single-nq,10000,candidate,32,0.98739375,1102.7588965,942.863193,1822.2314224000002,2230.8397187,2581.7518531600003,2690.010941,1215.8125,1051,2010.8000000000004,2439.4,2847.9900000000007,2994,4930667,4200665,8189947.800000002,9912043.65,11542771.420000002,12125546
dpr-wikipedia-single-nq,10000,baseline,32,0.212675,10.507721468749999,10.453547499999999,11.225336,11.81757755,12.53209719,12.706271,3.03125,3,4,4,4,4,11901.0625,11872.5,13119,13578.7,13873.79,13995
dpr-wikipedia-single-nq,100000,candidate,32,0.9527140625000001,1209.7248895625,1050.519475,1931.9684854000004,2329.4173212,2702.9858686100006,2836.838837,1215.8125,1051,2010.8000000000004,2439.4,2847.9900000000007,2994,4930667,4200665,8189947.800000002,9912043.65,11542771.420000002,12125546
dpr-wikipedia-single-nq,100000,baseline,32,0.29870937499999994,78.070160625,77.7489815,82.01838719999999,83.07083175,84.23651192999999,84.639046,25.65625,26,28,28,28.69,29,101995.34375,101597.5,103630.9,104157.6,105693.54000000001,106179
