split,dataset,k,policy,recall,queries_with_initial_rows_below_k,partitions_mean,partitions_p50,partitions_p90,partitions_p95,partitions_p99,partitions_max,rows_mean,rows_p50,rows_p90,rows_p95,rows_p99,rows_max
calibration,dino-10m,10000,shared,0.9600017252604167,0,151.95670572916666,98,238,238,238,238,634764.4280598959,432261,1009176,1022215.4,1036228.8,1071091
calibration,dino-10m,10000,tuned,0.9600017252604167,0,151.95670572916666,98,238,238,238,238,634764.4280598959,432261,1009176,1022215.4,1036228.8,1071091
calibration,dino-10m,100000,shared,0.9600013085937499,0,546.9807942708334,463,704,704,704,704,2280872.8157552085,1955356,2949659.1,2962919.6,2980833.77,3003420
calibration,dino-10m,100000,tuned,0.9600013085937499,0,546.9807942708334,463,704,704,704,704,2280872.8157552085,1955356,2949659.1,2962919.6,2980833.77,3003420
calibration,laion-10m,10000,shared,0.9650403320312501,0,232.14518229166666,128,447,447,447,447,965361.5628255209,527124.5,1877954.4,1895505.1,1922251.13,1947444
calibration,laion-10m,10000,tuned,0.960000390625,0,204.4404296875,122,339,339,339,339,848514.0055338541,533029,1424754.3,1441983.8,1464191.08,1485778
calibration,laion-10m,100000,shared,0.9600188281250001,0,761.6344401041666,738,888.8000000000002,958,958,958,3189063.31640625,3102235.5,3711181.3000000007,4002199.95,4046211.72,4086195
calibration,laion-10m,100000,tuned,0.9600049121093749,0,728.5950520833334,530,985,985,985,985,3046435.8912760415,2284824,4148105.5,4162700.85,4184666.82,4209306
calibration,fineweb-10m,10000,shared,0.96001459375,0,350.4165625,447,447,447,447,447,1428832.6534375,1794288,1853773.6,1865779.4,1884110.14,1910978
calibration,fineweb-10m,10000,tuned,0.96000134375,0,333.56,241,472,472,472,472,1359239.723125,1021735.5,1939290.9,1956858.45,1981681.68,2016380
calibration,fineweb-10m,100000,shared,0.9602859749999999,0,801.09375,738,958,958,958,958,3282301.1653125,3046314.5,3934868.7,3961545,3996692.85,4040928
calibration,fineweb-10m,100000,tuned,0.9600060375000001,0,795.9253125,688,957,957,957,957,3261251.685625,2863035,3946626.7,3967752.55,3996712.39,4035472
calibration,wiki-cohere-35m,10000,shared,0.9600366399999999,0,1254.9944,1329.5,1824,1824,1824,1824,5531838.818,5835786,8187522.5,8252522.85,8329194.77,8389317
calibration,wiki-cohere-35m,10000,tuned,0.96000396,0,1208.8604,854,1914,1914,1914,1914,5320361.8048,3880614.5,8545611.8,8624056,8725776.59,8794862
calibration,wiki-cohere-35m,100000,shared,0.960235952,0,2528,2528,2528,2528,2528,2528,11147283.564,11158507.5,11350432.8,11408399.6,11489154.78,11604610
calibration,wiki-cohere-35m,100000,tuned,0.960014408,0,2430.0156,2035,3554,3554,3554,3554,10711191.0776,9047356.5,15735105.2,15855260.95,15975622.749999998,16198307
calibration,dpr-wikipedia-single-nq,10000,shared,0.9605007202216068,0,517,517,517,517,517,517,2069519.3119113573,2064795,2129412.8,2146976.2,2170613.8,2187660
calibration,dpr-wikipedia-single-nq,10000,tuned,0.9600218282548476,0,480.805540166205,384,698,698,698,698,1924276.4177285319,1585162,2789516.8000000003,2829209.6,2874146.16,2928189
calibration,dpr-wikipedia-single-nq,100000,shared,0.9600728033240998,0,1128.4149584487534,1009,1442.6000000000001,1783.8,2392.5600000000013,2528,4548184.571191136,4094361,5836275.400000001,7222254.8,9672473.080000004,10348438
calibration,dpr-wikipedia-single-nq,100000,tuned,0.9600023102493075,0,1115.6819944598337,973,1407,1407,1407,1407,4495715.828808865,3987052,5678957.2,5714907.6,5762504,5790610
evaluation,dino-10m,10000,shared,0.9591579752604167,0,148.97591145833334,98,238,238,238,238,621647.2119140625,423822.5,1007467.7000000001,1019096.7,1035436.1699999999,1061067
evaluation,dino-10m,10000,tuned,0.9591579752604167,0,148.97591145833334,98,238,238,238,238,621647.2119140625,423822.5,1007467.7000000001,1019096.7,1035436.1699999999,1061067
evaluation,dino-10m,100000,shared,0.9583691731770833,0,542.5192057291666,463,704,704,704,704,2261108.823893229,1951855,2948912.3,2962314.35,2979036.66,2999255
evaluation,dino-10m,100000,tuned,0.9583691731770833,0,542.5192057291666,463,704,704,704,704,2261108.823893229,1951855,2948912.3,2962314.35,2979036.66,2999255
evaluation,laion-10m,10000,shared,0.9633368198110134,0,234.15509938090582,119,447,447,447,447,973395.8680351906,489016,1876829.2,1897016,1924392.52,1956829
evaluation,laion-10m,10000,tuned,0.9583429781687846,0,206.41316389703488,122,339,339,339,339,856269.8739002933,529846,1426928.8,1443426.6,1465562.92,1492526
evaluation,laion-10m,100000,shared,0.9591767220593026,0,760.2251547735418,738,850.2000000000003,958,958,958,3182093.310524601,3101104,3543640.400000003,3997424.8,4043546.92,4086893
evaluation,laion-10m,100000,tuned,0.9588878592375367,0,731.6285434995112,555,985,985,985,985,3058248.6669925055,2324620,4148032.8000000003,4161829.2,4186901.2800000003,4227445
evaluation,fineweb-10m,10000,shared,0.9600186875,0,352.9225,447,447,447,447,447,1439019.6009375,1796654.5,1853273,1863320.05,1883781.48,1911025
evaluation,fineweb-10m,10000,tuned,0.9605993749999999,0,338.0053125,258,472,472,472,472,1377377.8009375,1049361.5,1942632,1959021.8499999999,1981310.66,2007981
evaluation,fineweb-10m,100000,shared,0.9604222999999998,0,802.5903125,738,958,958,958,958,3288344.235625,3047839.5,3940943.3,3963982.9,3996440.63,4029821
evaluation,fineweb-10m,100000,tuned,0.9605457093750001,0,801.6309375,688,957,957,957,957,3284599.869375,2872234,3951109.6,3970909.9,3999154.86,4025575
evaluation,wiki-cohere-35m,10000,shared,0.9606951199999999,0,1262.1724,1401,1824,1824,1824,1824,5567928.3288,6184804.5,8192742.5,8249964.5,8340149.909999999,8443818
evaluation,wiki-cohere-35m,10000,tuned,0.9605626,0,1218.5304,880,1914,1914,1914,1914,5367411.6464,3929262.5,8551679.2,8619124.9,8726646.719999999,8831142
evaluation,wiki-cohere-35m,100000,shared,0.9611203600000001,0,2528,2528,2528,2528,2528,2528,11148459.0176,11159935.5,11352922.8,11403821.25,11492390.59,11584594
evaluation,wiki-cohere-35m,100000,tuned,0.9613181160000001,0,2434.1328,2035,3554,3554,3554,3554,10730999.9764,9046919,15717611.9,15852648.4,15965920.25,16166164
evaluation,dpr-wikipedia-single-nq,10000,shared,0.9587913019390581,0,517,517,517,517,517,517,2069211.4747922437,2065486,2129113,2146249,2168003.2,2189016
evaluation,dpr-wikipedia-single-nq,10000,tuned,0.9580840997229917,0,478.4759002770083,384,698,698,698,698,1913962.7362880886,1579838,2782324.2,2819001,2871357.08,2900309
evaluation,dpr-wikipedia-single-nq,100000,shared,0.9594831468144044,0,1119.457617728532,1009,1442.8000000000004,1718.3999999999999,2336.1600000000008,2528,4510521.706371191,4088911,5820220.000000001,6975430.599999999,9498202.36,10307992
evaluation,dpr-wikipedia-single-nq,100000,tuned,0.9592669362880887,0,1109.3102493074791,973,1407,1407,1407,1407,4468432.909695291,3982816,5671134.2,5703848.8,5752541.84,5811349
