dataset,k,policy,queries,timing_queries,recall,returned_mean,returned_p50,returned_p90,returned_p95,returned_p99,returned_max,latency_ms_mean,latency_ms_p50,latency_ms_p90,latency_ms_p95,latency_ms_p99,latency_ms_max,partitions_mean,partitions_p50,partitions_p90,partitions_p95,partitions_p99,partitions_max,scanned_rows_mean,scanned_rows_p50,scanned_rows_p90,scanned_rows_p95,scanned_rows_p99,scanned_rows_max
dino-10m,10000,auto,3072,512,0.9591579427083333,10000,10000,10000,10000,10000,10000,200.51848779101562,137.284989,320.7017922,324.9211699,329.82437163,358.624183,148.97591145833334,98,238,238,238,238,621647.2119140625,423822.5,1007467.7000000001,1019096.7,1035436.1699999999,1061067
dino-10m,10000,fixed20,3072,512,0.7402033854166666,10000,10000,10000,10000,10000,10000,33.97492449414062,33.951711,36.3964791,37.482360799999995,39.81187534,51.161809,20,20,20,20,20,20,84042.48958333333,83613,90909.9,94024.75,101472.14,106765
dino-10m,10000,fixed128,3072,512,0.9450436523437501,10000,10000,10000,10000,10000,10000,172.3220747109375,171.1804805,179.8858027,182.76662795,188.87981801,212.017452,128,128,128,128,128,128,533292.1998697916,531969,554811,564578.2,576894.77,592828
dino-10m,10000,fixed192,3072,512,0.9655606770833334,10000,10000,10000,10000,10000,10000,254.55727061914064,253.8090515,264.0088055,267.26324715,279.69092430999996,298.374332,192,192,192,192,192,192,800369.9166666666,799695,826297.9,834859.6,848280.43,865847
dino-10m,10000,fixed256,3072,512,0.9763013020833333,10000,10000,10000,10000,10000,10000,336.33906148242187,336.3099015,345.93838869999996,349.03732765,352.72689020999997,383.684645,256,256,256,256,256,256,1067123.7692057292,1067481,1095598.6,1102718.75,1114908.24,1137972
dino-10m,10000,tuned,3072,512,0.9591579427083333,10000,10000,10000,10000,10000,10000,200.82145559570313,137.97744749999998,320.35443499999997,324.22524515,331.08672894,371.64957,148.97591145833334,98,238,238,238,238,621647.2119140625,423822.5,1007467.7000000001,1019096.7,1035436.1699999999,1061067
dino-10m,10000,legacy,32,32,0.999996875,10000,10000,10000,10000,10000,10000,3028.950134375,3027.1587345,3059.1291793,3070.38552115,3081.53638697,3082.326023,2441,2441,2441,2441,2441,2441,10000000,10000000,10000000,10000000,10000000,10000000
dino-10m,100000,auto,3072,512,0.9583691438802083,100000,100000,100000,100000,100000,100000,791.4830560292968,689.747484,1006.8419494,1017.91893435,1034.85510948,1058.534333,542.5192057291666,463,704,704,704,704,2261108.823893229,1951855,2948912.3,2962314.35,2979036.66,2999255
dino-10m,100000,fixed20,3072,512,0.37324724609375,84001.2138671875,83613,90909.9,94024.75,100000,100000,67.11226497265625,66.68664100000001,73.5185194,75.93018875,85.26011254,87.811444,20,20,20,20,20,20,84042.48958333333,83613,90909.9,94024.75,101472.14,106765
dino-10m,100000,fixed384,3072,512,0.9274056673177083,100000,100000,100000,100000,100000,100000,580.58991846875,579.8917335,600.5316640000001,607.5401944,629.38490726,692.696926,384,384,384,384,384,384,1601135.8671875,1603309.5,1632245.8,1638967.05,1651371.03,1673579
dino-10m,100000,fixed512,3072,512,0.9516030501302083,100000,100000,100000,100000,100000,100000,746.7069751679687,745.9405300000001,767.5456108000001,775.59048225,789.86210601,816.116587,512,512,512,512,512,512,2135007.3111979165,2138016,2167199.3,2173836.3,2185077,2201466
dino-10m,100000,fixed768,3072,512,0.9756731315104167,100000,100000,100000,100000,100000,100000,1075.5990557363282,1074.294476,1099.2565743999999,1109.86748825,1128.2027918899998,1158.662327,768,768,768,768,768,768,3201456.5078125,3203195,3233626.6,3240253.95,3251237.96,3267305
dino-10m,100000,tuned,3072,512,0.9583691438802083,100000,100000,100000,100000,100000,100000,791.9630991191406,690.1708675,1009.1031497,1018.25473675,1037.07076239,1094.691266,542.5192057291666,463,704,704,704,704,2261108.823893229,1951855,2948912.3,2962314.35,2979036.66,2999255
dino-10m,100000,legacy,32,32,0.999994375,100000,100000,100000,100000,100000,100000,3102.3010303749998,3105.178134,3136.5158849,3166.5037969,3176.07141499,3176.597817,2441,2441,2441,2441,2441,2441,10000000,10000000,10000000,10000000,10000000,10000000
laion-10m,10000,auto,3069,512,0.9633229390681004,10000,10000,10000,10000,10000,10000,233.75498819921876,127.24313649999999,437.7213061,441.70733025,447.19511933999996,456.605677,234.15509938090582,119,447,447,447,447,973395.8680351906,489016,1876829.2,1897016,1924392.52,1956829
laion-10m,10000,fixed20,3069,512,0.697488139459107,10000,10000,10000,10000,10000,10000,26.964206453125,27.003423,28.871406,29.4863188,30.47957257,37.833712,20,20,20,20,20,20,83880.22906484197,83859,91082.2,93558.59999999999,98125.08,101058
laion-10m,10000,fixed192,3069,512,0.9451701857282503,10000,10000,10000,10000,10000,10000,188.84661309375,188.362284,196.0524669,198.72799265,205.99248519999998,246.761632,192,192,192,192,192,192,794296.5131964809,793770,824868.4,833021.4,845099.2000000001,861547
laion-10m,10000,fixed256,3069,512,0.9608936135549039,10000,10000,10000,10000,10000,10000,249.49986277734376,249.088435,258.0114012,261.5174,270.56361596,300.298425,256,256,256,256,256,256,1060490.3460410556,1060700,1095632.4,1105122.5999999999,1119075.24,1138028
laion-10m,10000,fixed384,3069,512,0.9775998044965788,10000,10000,10000,10000,10000,10000,371.28089724804687,370.8069875,381.0231939,384.32714545,397.09651140999995,451.035169,384,384,384,384,384,384,1596614.3603779732,1598160,1638129.6,1649682,1665250.8800000001,1694317
laion-10m,10000,tuned,3069,512,0.9583231345715217,10000,10000,10000,10000,10000,10000,205.36948689453124,129.9363565,335.35951550000004,338.9643638,344.45068888,374.645094,206.41283805799935,122,339,339,339,339,856269.0257412838,529846,1426928.8,1443426.6,1465562.92,1492526
laion-10m,10000,legacy,32,32,1,10000,10000,10000,10000,10000,10000,2266.4606591562497,2259.6259895000003,2286.6174876,2296.80930225,2320.2607731000003,2328.45128,2441,2441,2441,2441,2441,2441,10000000,10000000,10000000,10000000,10000000,10000000
laion-10m,100000,auto,3069,512,0.9591688465298143,100000,100000,100000,100000,100000,100000,826.5010639511719,806.7312085000001,888.6228612000003,1031.0439660499999,1053.88704773,1082.237607,760.2251547735418,738,850.2000000000003,958,958,958,3182094.2251547733,3101104,3543640.400000003,3997424.8,4043546.92,4086893
laion-10m,100000,fixed20,3069,512,0.32087118605408926,83878.51352231998,83859,91082.2,93558.59999999999,98125.08,100000,59.90444107226563,59.696528,66.44384840000001,68.01025539999999,72.57883671999998,73.967009,20,20,20,20,20,20,83880.22906484197,83859,91082.2,93558.59999999999,98125.08,101058
laion-10m,100000,fixed512,3069,512,0.919253284457478,100000,100000,100000,100000,100000,100000,583.3314218457031,583.070006,603.610207,609.5425678,627.32123193,655.616179,512,512,512,512,512,512,2135597.5917236884,2138357,2181635.8,2191995.8,2213400.96,2241568
laion-10m,100000,fixed768,3069,512,0.9577150863473445,100000,100000,100000,100000,100000,100000,835.0613269023438,834.5029265000001,858.1457267,868.83717915,893.7550175800001,929.595275,768,768,768,768,768,768,3215478.3985011405,3219704,3262092.8,3272332.8,3287963.64,3314877
laion-10m,100000,fixed1024,3069,512,0.9772691528185077,100000,100000,100000,100000,100000,100000,1083.2656950820312,1081.940013,1107.2049991000001,1114.71069755,1144.7440829,1183.765702,1024,1024,1024,1024,1024,1024,4292793.427500814,4297370,4342367.8,4355106.8,4374028.04,4396671
laion-10m,100000,tuned,3069,512,0.9588878592375367,100000,100000,100000,100000,100000,100000,803.5658638339844,662.224109,1066.0146340000001,1074.5033469,1099.7317730699997,1147.365624,731.6285434995112,555,985,985,985,985,3058248.6669925055,2324620,4148032.8000000003,4161829.2,4186901.2800000003,4227445
laion-10m,100000,legacy,32,32,0.9999996875,100000,100000,100000,100000,100000,100000,2369.6850338124996,2363.7825115,2410.5966487,2427.94051635,2447.38240542,2453.919629,2441,2441,2441,2441,2441,2441,10000000,10000000,10000000,10000000,10000000,10000000
fineweb-10m,10000,auto,3200,512,0.9600186562499999,10000,10000,10000,10000,10000,10000,338.50804394921875,419.9908605,433.0060854,436.7184259,445.59145208999996,480.469027,352.9221875,447,447,447,447,447,1439017.8915625,1796654.5,1853273,1863320.05,1883781.48,1911025
fineweb-10m,10000,fixed20,3200,512,0.6281563124999999,10000,10000,10000,10000,10000,10000,27.223556755859377,27.1705505,29.0883742,29.53834095,30.79535945,39.204512,20,20,20,20,20,20,82804.9165625,82686.5,90010.3,92004.59999999999,95268.92999999998,103053
fineweb-10m,10000,fixed256,3200,512,0.93998046875,10000,10000,10000,10000,10000,10000,246.91182124609375,246.73897,253.76543089999998,255.54027630000002,259.48650696,286.250812,256,256,256,256,256,256,1041281.7521875,1040888.5,1068546,1078232.0999999999,1093168.5999999999,1116673
fineweb-10m,10000,fixed384,3200,512,0.9629211875,10000,10000,10000,10000,10000,10000,366.91105351367185,366.5900995,375.5328675,378.23572079999997,392.48493745999986,458.849355,384,384,384,384,384,384,1564470.454375,1564431.5,1598914.4,1608787.2,1626343.72,1649421
fineweb-10m,10000,fixed512,3200,512,0.97519415625,10000,10000,10000,10000,10000,10000,487.38088287304686,486.322264,497.5402993,501.05224905,531.26070963,541.002383,512,512,512,512,512,512,2089908.50625,2090187,2130500.6,2141296.15,2160189.14,2181346
fineweb-10m,10000,tuned,3200,512,0.9605993749999999,10000,10000,10000,10000,10000,10000,322.4997602714844,249.5395095,453.1465775,457.08859309999997,466.24772395,485.744716,338.005,258,472,472,472,472,1377376.4446875,1049361.5,1942632,1959021.8499999999,1981310.66,2007981
fineweb-10m,10000,legacy,32,32,0.999996875,10000,10000,10000,10000,10000,10000,2283.0592143437498,2280.2632535000002,2292.4632717,2302.9092948,2336.46092615,2346.185451,2441,2441,2441,2441,2441,2441,10000000,10000000,10000000,10000000,10000000,10000000
fineweb-10m,100000,auto,3200,512,0.960422290625,100000,100000,100000,100000,100000,100000,844.6667073457031,792.377769,1006.0471547,1014.4495186,1026.0268868599999,1052.89944,802.5903125,738,958,958,958,958,3288343.87125,3047839.5,3940943.3,3963982.9,3996440.63,4029821
fineweb-10m,100000,fixed20,3200,512,0.3207316625,82802.8709375,82686.5,90010.3,92004.59999999999,95268.92999999998,100000,59.480101710937504,59.570933,65.354115,66.7730495,69.58245554999999,74.421658,20,20,20,20,20,20,82804.9165625,82686.5,90010.3,92004.59999999999,95268.92999999998,103053
fineweb-10m,100000,fixed512,3200,512,0.9168108906249999,100000,100000,100000,100000,100000,100000,571.0847125781249,571.0132125,586.058314,591.8896659,623.8860215799999,651.698508,512,512,512,512,512,512,2089908.50625,2090187,2130500.6,2141296.15,2160189.14,2181346
fineweb-10m,100000,fixed768,3200,512,0.955320471875,100000,100000,100000,100000,100000,100000,816.1558459023438,815.4874910000001,834.9153135,844.3603059,888.15462322,907.594143,768,768,768,768,768,768,3145000.3275,3145125.5,3192803.8,3205385.35,3223915.06,3259308
fineweb-10m,100000,fixed1024,3200,512,0.9751329562500001,100000,100000,100000,100000,100000,100000,1057.4920032929688,1055.7124155000001,1079.7043077,1088.03513885,1109.88418695,1137.530903,1024,1024,1024,1024,1024,1024,4205235.763125,4205460.5,4254942.1,4268588.95,4291510.16,4330519
fineweb-10m,100000,tuned,3200,512,0.96054566875,100000,100000,100000,100000,100000,100000,845.3392273789061,752.934304,1009.2030058,1018.93746215,1032.83417221,1089.409179,801.630625,688,957,957,957,957,3284598.6553125,2872234,3951109.6,3970909.9,3999154.86,4025575
fineweb-10m,100000,legacy,32,32,0.9999984375000001,100000,100000,100000,100000,100000,100000,2380.252898375,2379.475106,2400.3004551999998,2405.22125555,2441.28489236,2455.899112,2441,2441,2441,2441,2441,2441,10000000,10000000,10000000,10000000,10000000,10000000
wiki-cohere-35m,10000,auto,2500,512,0.9606948800000001,10000,10000,10000,10000,10000,10000,1275.1695615507813,1387.674599,1867.5253167,1887.34223695,1916.54309222,1946.460474,1262.1716,1401,1824,1824,1824,1824,5567924.3364,6184804.5,8192742.5,8249964.5,8340149.909999999,8443818
wiki-cohere-35m,10000,fixed20,2500,512,0.46719880000000014,10000,10000,10000,10000,10000,10000,30.853850642578124,30.729408499999998,33.097920200000004,33.81403975,35.694386699999995,41.583094,20,20,20,20,20,20,88451.634,88236,97853.09999999999,100891.2,107675.62999999996,127856
wiki-cohere-35m,10000,fixed1024,2500,512,0.9471824400000002,10000,10000,10000,10000,10000,10000,1030.938860673828,1029.032962,1065.1123575,1073.15496025,1094.51186755,1118.739453,1024,1024,1024,1024,1024,1024,4496409.7912,4493669.5,4636823.7,4681664.5,4732543.1899999995,4826753
wiki-cohere-35m,10000,fixed1536,2500,512,0.96657076,10000,10000,10000,10000,10000,10000,1544.0362286523437,1541.751783,1584.9302988,1595.32224145,1628.81506257,1682.146402,1536,1536,1536,1536,1536,1536,6761327.7732,6759873,6934099.2,6978996.3,7057933.29,7155484
wiki-cohere-35m,10000,fixed2048,2500,512,0.9774407199999999,10000,10000,10000,10000,10000,10000,2056.2345196699216,2056.0129655,2104.000766,2118.32521865,2147.03689669,2193.996008,2048,2048,2048,2048,2048,2048,9027694.7336,9030713.5,9219300.9,9270290.3,9363561.069999998,9429959
wiki-cohere-35m,10000,tuned,2500,512,0.9605626,10000,10000,10000,10000,10000,10000,1233.0377524101564,901.4091040000001,1949.4710405,1966.0866599,1990.64237583,2020.996629,1218.5296,880,1914,1914,1914,1914,5367411.1608,3929262.5,8551679.2,8619124.9,8726646.719999999,8831142
wiki-cohere-35m,10000,legacy,32,32,1,10000,10000,10000,10000,10000,10000,7946.04179471875,7937.979778999999,7982.992110200001,8003.26727685,8015.730266670001,8017.45264,8545,8545,8545,8545,8545,8545,35000000,35000000,35000000,35000000,35000000,35000000
wiki-cohere-35m,100000,auto,2500,512,0.961120248,100000,100000,100000,100000,100000,100000,2650.5003370917966,2650.4460090000002,2707.7470473999997,2727.1079034,2763.51017131,2787.256118,2528,2528,2528,2528,2528,2528,11148461.584,11159935.5,11352922.8,11403821.25,11492390.59,11584594
wiki-cohere-35m,100000,fixed20,2500,512,0.247188732,88190.596,88236,97853.09999999999,100000,100000,100000,66.93463586718751,66.6043265,75.6682151,77.9070526,80.58783706,84.243734,20,20,20,20,20,20,88451.634,88236,97853.09999999999,100891.2,107675.62999999996,127856
wiki-cohere-35m,100000,fixed2048,2500,512,0.9470120919999999,100000,100000,100000,100000,100000,100000,2166.330881396484,2165.1670034999997,2220.6214124000003,2236.50755265,2273.95724029,2366.116986,2048,2048,2048,2048,2048,2048,9027694.7336,9030713.5,9219300.9,9270290.3,9363561.069999998,9429959
wiki-cohere-35m,100000,fixed3072,2500,512,0.972229132,100000,100000,100000,100000,100000,100000,3195.6134559707034,3194.8302795,3259.8124149,3285.6253632,3313.52747739,3344.350654,3072,3072,3072,3072,3072,3072,13543515.688,13561502,13761572.6,13810848.2,13899971.28,14053081
wiki-cohere-35m,100000,fixed4096,2500,512,0.9854145199999998,100000,100000,100000,100000,100000,100000,4212.727212757813,4214.939305,4283.900947,4307.0060192500005,4356.93078142,4422.394407,4096,4096,4096,4096,4096,4096,18011805.6488,18032714,18250374.5,18293653.7,18369124.64,18475028
wiki-cohere-35m,100000,tuned,2500,512,0.9613180120000001,100000,100000,100000,100000,100000,100000,2566.654448935547,2172.098468,3714.8004378,3736.61385085,3787.8143603999997,3811.597784,2434.132,2035,3554,3554,3554,3554,10730995.5952,9046919,15717611.9,15852648.4,15965920.25,16166164
wiki-cohere-35m,100000,legacy,32,32,0.9999968749999999,100000,100000,100000,100000,100000,100000,8041.751316156249,8035.2341415,8090.9545647,8119.7991354,8138.341290570001,8144.404008,8545,8545,8545,8545,8545,8545,35000000,35000000,35000000,35000000,35000000,35000000
dpr-wikipedia-single-nq,10000,auto,1805,512,0.9587913019390581,10000,10000,10000,10000,10000,10000,481.70884595703126,480.8009945,496.9205047,499.75569494999996,509.35823034,534.030129,517,517,517,517,517,517,2069212.795567867,2065486,2129113,2146249,2168003.2,2189016
dpr-wikipedia-single-nq,10000,fixed20,1805,512,0.5271360664819944,10000,10000,10000,10000,10000,10000,26.87555196484375,27.0211565,28.534678500000002,28.94711955,29.615948169999996,33.102942,20,20,20,20,20,20,78952.40997229917,79414,84852.6,86108.2,88501.76,93779
dpr-wikipedia-single-nq,10000,fixed384,1805,512,0.9412456509695291,10000,10000,10000,10000,10000,10000,359.29979587695317,358.809998,371.50901260000006,375.8737255,382.78573301,416.99175,384,384,384,384,384,384,1533181.0315789473,1530622,1581524.6,1597514.5999999999,1618595.92,1630319
dpr-wikipedia-single-nq,10000,fixed512,1805,512,0.958286703601108,10000,10000,10000,10000,10000,10000,477.14320677929686,476.098097,491.8964621,495.43478115,507.83869932999994,525.320371,512,512,512,512,512,512,2048951.5013850415,2045233,2109827.2,2126075.4,2147942.04,2166880
dpr-wikipedia-single-nq,10000,fixed768,1805,512,0.9759862603878116,10000,10000,10000,10000,10000,10000,712.8842453417968,711.784451,729.6897928000001,736.1733009999999,763.13868276,776.060283,768,768,768,768,768,768,3083581.647091413,3079610,3154370.8,3167674.6,3189272.4,3233287
dpr-wikipedia-single-nq,10000,tuned,1805,512,0.9580840443213297,10000,10000,10000,10000,10000,10000,451.81483586328125,374.0933865,647.3875826000001,655.39970855,671.21585504,714.492312,478.4764542936288,384,698,698,698,698,1913965.2653739613,1579838,2782324.2,2819001,2871357.08,2900309
dpr-wikipedia-single-nq,10000,legacy,32,32,0.212675,10000,10000,10000,10000,10000,10000,11.309953562499999,11.3622855,12.0723483,12.3470905,14.770421330000003,15.745668,3.03125,3,4,4,4,4,11901.0625,11872.5,13119,13578.7,13873.79,13995
dpr-wikipedia-single-nq,100000,auto,1805,512,0.9594833739612187,100000,100000,100000,100000,100000,100000,1139.038776279297,1032.07689,1471.1138045000002,1730.7896894,2127.6051484799996,2472.08274,1119.4592797783932,1009,1442.8000000000004,1718.3999999999999,2336.1600000000008,2528,4510527.279224377,4088911,5820220.000000001,6975430.599999999,9498202.36,10307992
dpr-wikipedia-single-nq,100000,fixed20,1805,512,0.26437381163434903,78952.40997229917,79414,84852.6,86108.2,88501.76,93779,56.40430421289062,56.749376999999996,61.534250300000004,62.8625002,64.17472946000001,70.841769,20,20,20,20,20,20,78952.40997229917,79414,84852.6,86108.2,88501.76,93779
dpr-wikipedia-single-nq,100000,fixed768,1805,512,0.9253259224376731,100000,100000,100000,100000,100000,100000,802.3800248320313,801.8848164999999,824.3712864,829.5360542,864.9647470299999,916.490517,768,768,768,768,768,768,3083581.647091413,3079610,3154370.8,3167674.6,3189272.4,3233287
dpr-wikipedia-single-nq,100000,fixed1024,1805,512,0.9509816565096952,100000,100000,100000,100000,100000,100000,1040.2825042402344,1039.4629575,1064.4726989,1073.8079148000002,1097.41982405,1110.006439,1024,1024,1024,1024,1024,1024,4120722.8044321327,4118837,4193412.4,4208610.4,4229602.68,4271395
dpr-wikipedia-single-nq,100000,fixed1536,1805,512,0.9767698781163434,100000,100000,100000,100000,100000,100000,1514.422221921875,1512.5184964999999,1541.1586017,1550.8866730000002,1572.30698511,1624.151347,1536,1536,1536,1536,1536,1536,6205664.267590027,6205984,6273018.6,6291521.2,6317382.88,6341506
dpr-wikipedia-single-nq,100000,tuned,1805,512,0.959267052631579,100000,100000,100000,100000,100000,100000,1129.1979758085936,1011.7536295,1410.0721809,1424.1981639,1449.70258513,1500.341921,1109.3102493074791,973,1407,1407,1407,1407,4468434.330747923,3982816,5671134.2,5703848.8,5752541.84,5811349
dpr-wikipedia-single-nq,100000,legacy,32,32,0.29870937499999994,100000,100000,100000,100000,100000,100000,79.8509331875,79.829363,82.1402965,84.06670355,87.16227822,88.065661,25.65625,26,28,28,28.69,29,101995.34375,101597.5,103630.9,104157.6,105693.54000000001,106179
