dataset,k,filtered,policy,queries,timing_queries,recall,recall_ci95_low,recall_ci95_high,returned_mean,returned_p50,returned_p90,returned_p95,returned_p99,returned_max,latency_ms_mean,latency_ms_p50,latency_ms_p90,latency_ms_p95,latency_ms_p99,latency_ms_max,partitions_mean,partitions_p50,partitions_p90,partitions_p95,partitions_p99,partitions_max,scanned_rows_mean,scanned_rows_p50,scanned_rows_p90,scanned_rows_p95,scanned_rows_p99,scanned_rows_max
dino-10m,100,false,auto,3072,512,0.9530891927083335,0.9504561890714317,0.9557221963452353,100,100,100,100,100,100,30.768443853515627,20.946666,53.9047553,56.1107946,60.435919559999995,63.050551,21.331380208333332,14,38,38,38,38,89855.294921875,59897.5,162447.7,168279.15,178870.88999999998,194482
dino-10m,100,false,fixed20,3072,512,0.9376139322916667,0.9338903770376453,0.941337487545688,100,100,100,100,100,100,28.86198416015625,28.747855,31.4212075,32.00846335,35.08865478,36.734928,20,20,20,20,20,20,84042.48958333333,83613,90909.9,94024.75,101472.14,106765
dino-10m,100,false,fixed32,3072,512,0.9617871093749999,0.9590591812174164,0.9645150375325834,100,100,100,100,100,100,44.12158182421875,43.9710475,47.3860804,48.9490185,52.48526725999999,54.224004,32,32,32,32,32,32,134116.27864583334,133386,143299.4,148307.34999999998,155696.9,168515
dino-10m,100,false,fixed48,3072,512,0.9753938802083333,0.9733393640786648,0.9774483963380017,100,100,100,100,100,100,64.745926484375,64.561346,68.7929926,70.47294555,74.03900652,76.978436,48,48,48,48,48,48,200681.392578125,199766,212697.5,218767.69999999998,227839.33,238038
dino-10m,101,false,auto,3072,512,0.9696878867574258,0.9677187838354787,0.9716569896793729,101,101,101,101,101,101,42.791171750000004,27.838471,77.6044205,80.33472045,84.99074388,87.635347,30.820963541666668,20,56,56,56,56,129463.3154296875,84199,238134,245973.6,259115.38,272472
dino-10m,101,false,fixed20,3072,512,0.9374677702145214,0.9337395022301648,0.9411960381988781,101,101,101,101,101,101,28.944275962890625,28.822544,31.4414322,32.53399625,35.157042649999994,36.451591,20,20,20,20,20,20,84042.48958333333,83613,90909.9,94024.75,101472.14,106765
dino-10m,101,false,fixed32,3072,512,0.9617013459158416,0.9589679251599146,0.9644347666717685,101,101,101,101,101,101,44.17444113085937,43.92926,47.369235700000004,49.05615225,52.93353556,53.50996,32,32,32,32,32,32,134116.27864583334,133386,143299.4,148307.34999999998,155696.9,168515
dino-10m,101,false,fixed48,3072,512,0.9753280992161715,0.9732701371468775,0.9773860612854655,101,101,101,101,101,101,64.8698035703125,64.676556,68.7327258,70.78776165,74.02754336,77.970301,48,48,48,48,48,48,200681.392578125,199766,212697.5,218767.69999999998,227839.33,238038
dino-10m,101,false,legacy,32,32,1,1,1,101,101,101,101,101,101,3067.7297944062498,3066.5301815000003,3076.3171075,3079.6499522999998,3083.5573684700003,3085.3074,2441,2441,2441,2441,2441,2441,10000000,10000000,10000000,10000000,10000000,10000000
dino-10m,101,false,tuned,3072,512,0.9696878867574258,0.9677187838354787,0.9716569896793729,101,101,101,101,101,101,42.81519880664062,27.8842595,77.69072820000001,79.74050804999999,85.14403146999999,87.989729,30.820963541666668,20,56,56,56,56,129463.3154296875,84199,238134,245973.6,259115.38,272472
dino-10m,200,false,auto,3072,512,0.9621809895833332,0.9600628781278762,0.9642991010387902,200,200,200,200,200,200,43.1100716796875,28.327263000000002,78.355627,80.56204425,85.53237158999998,88.809084,30.820963541666668,20,56,56,56,56,129463.3154296875,84199,238134,245973.6,259115.38,272472
dino-10m,200,false,fixed20,3072,512,0.9261458333333333,0.9222127887683423,0.9300788778983243,200,200,200,200,200,200,29.191700486328124,29.0227,31.7050117,32.49544175,35.12354759,37.073396,20,20,20,20,20,20,84042.48958333333,83613,90909.9,94024.75,101472.14,106765
dino-10m,200,false,fixed32,3072,512,0.9539355468749999,0.9510015976277167,0.9568694961222831,200,200,200,200,200,200,44.386454330078124,44.138931,47.5467236,48.9459263,52.93825242,53.783754,32,32,32,32,32,32,134116.27864583334,133386,143299.4,148307.34999999998,155696.9,168515
dino-10m,200,false,fixed48,3072,512,0.9699934895833332,0.9677643692040615,0.9722226099626049,200,200,200,200,200,200,65.13129033203124,64.844426,68.8978659,71.1369414,74.70005981,77.637677,48,48,48,48,48,48,200681.392578125,199766,212697.5,218767.69999999998,227839.33,238038
dino-10m,200,false,fixed64,3072,512,0.9783610026041667,0.9765835048231918,0.9801385003851416,200,200,200,200,200,200,85.98143865234375,85.6729055,90.7389096,93.385546,97.67894566,98.800046,64,64,64,64,64,64,267079.3821614583,266072.5,281554,288501.85,297966.81,306103
dino-10m,200,false,legacy,32,32,0.99984375,0.9995375000000001,1,200,200,200,200,200,200,3069.47679965625,3071.433576,3084.5476927,3086.1507009,3090.15618218,3091.439279,2441,2441,2441,2441,2441,2441,10000000,10000000,10000000,10000000,10000000,10000000
dino-10m,200,false,tuned,3072,512,0.9621809895833332,0.9600628781278762,0.9642991010387902,200,200,200,200,200,200,43.218774451171875,28.276,78.04068930000001,80.86472995,85.83611078,89.05406,30.820963541666668,20,56,56,56,56,129463.3154296875,84199,238134,245973.6,259115.38,272472
dino-10m,500,false,auto,3072,512,0.9613522135416667,0.9594886967892202,0.9632157302941131,500,500,500,500,500,500,55.019088095703125,33.7927775,109.2530266,113.0661174,118.66073524999999,122.705064,39.819986979166664,22,81,81,81,81,167090.89322916666,99621,340563.7,350935.39999999997,368738.22,386229
dino-10m,500,false,fixed20,3072,512,0.9067916666666666,0.9025027081698486,0.9110806251634845,500,500,500,500,500,500,29.288677160156247,29.0704435,31.9246997,32.64908025,35.78780224999999,37.14436,20,20,20,20,20,20,84042.48958333333,83613,90909.9,94024.75,101472.14,106765
dino-10m,500,false,fixed32,3072,512,0.9399570312500001,0.9366733894469675,0.9432406730530326,500,500,500,500,500,500,44.401356291015624,44.106538,47.6542923,49.3677618,52.38565438,54.541317,32,32,32,32,32,32,134116.27864583334,133386,143299.4,148307.34999999998,155696.9,168515
dino-10m,500,false,fixed48,3072,512,0.9600429687500002,0.9575141390563549,0.9625717984436455,500,500,500,500,500,500,65.03810511523437,64.8181625,69.254982,70.82216385,74.31972238,78.285088,48,48,48,48,48,48,200681.392578125,199766,212697.5,218767.69999999998,227839.33,238038
dino-10m,500,false,fixed64,3072,512,0.9709335937499999,0.9689013531623225,0.9729658343376772,500,500,500,500,500,500,85.84190937304687,85.582285,90.5502379,93.3386848,97.20075829,98.038817,64,64,64,64,64,64,267079.3821614583,266072.5,281554,288501.85,297966.81,306103
dino-10m,500,false,legacy,32,32,1,1,1,500,500,500,500,500,500,3073.8272023125,3073.6982635,3077.3692416999997,3079.82093475,3083.32512747,3084.33522,2441,2441,2441,2441,2441,2441,10000000,10000000,10000000,10000000,10000000,10000000
dino-10m,500,false,tuned,3072,512,0.9613522135416667,0.9594886967892202,0.9632157302941131,500,500,500,500,500,500,55.171212978515626,34.171475,109.4710902,113.16059034999999,118.76519853999999,122.790325,39.819986979166664,22,81,81,81,81,167090.89322916666,99621,340563.7,350935.39999999997,368738.22,386229
dino-10m,1000,false,auto,3072,512,0.9611575520833333,0.9593189869331571,0.9629961172335095,1000,1000,1000,1000,1000,1000,69.7104603125,43.9368555,126.73202810000001,131.3362964,135.89716579999998,138.956293,50.856119791666664,29,93,93,93,93,213066.29231770834,131807.5,393535.7,403688.35,420432.26999999996,438356
dino-10m,1000,false,fixed20,3072,512,0.886533203125,0.8819297449519246,0.8911366612980753,1000,1000,1000,1000,1000,1000,29.732604263671874,29.5769875,32.4778986,33.29726155,36.08155473,37.165122,20,20,20,20,20,20,84042.48958333333,83613,90909.9,94024.75,101472.14,106765
dino-10m,1000,false,fixed48,3072,512,0.9492366536458334,0.9464258538387541,0.9520474534529128,1000,1000,1000,1000,1000,1000,65.51886555078126,65.206482,69.33923349999999,71.32055805,74.81213093,77.781475,48,48,48,48,48,48,200681.392578125,199766,212697.5,218767.69999999998,227839.33,238038
dino-10m,1000,false,fixed64,3072,512,0.9624606119791667,0.9601729459331934,0.96474827802514,1000,1000,1000,1000,1000,1000,86.41480644921876,86.041476,91.1904541,93.8885584,98.08032479999999,99.270787,64,64,64,64,64,64,267079.3821614583,266072.5,281554,288501.85,297966.81,306103
dino-10m,1000,false,fixed96,3072,512,0.9761669921874999,0.9745184448016626,0.9778155395733372,1000,1000,1000,1000,1000,1000,127.82381139257814,127.4958735,133.6745693,138.17886445,141.0006129,143.61726,96,96,96,96,96,96,400088.0625,398653.5,418983,426976.1,438717.61,452476
dino-10m,1000,false,legacy,32,32,1,1,1,1000,1000,1000,1000,1000,1000,3071.2329704374997,3071.5880585,3075.1518927,3075.8118557,3079.97431859,3081.82558,2441,2441,2441,2441,2441,2441,10000000,10000000,10000000,10000000,10000000,10000000
dino-10m,1000,false,tuned,3072,512,0.9611575520833333,0.9593189869331571,0.9629961172335095,1000,1000,1000,1000,1000,1000,69.88938423242189,44.24955,126.69670850000001,130.76891425,135.4662304,139.636109,50.856119791666664,29,93,93,93,93,213066.29231770834,131807.5,393535.7,403688.35,420432.26999999996,438356
dino-10m,101,true,auto,256,0,0.4697168935643565,0.4551435990623768,0.48429018806633617,101,101,101,101,101,101,,,,,,,35.73828125,28,56,56,56,56,149771.67578125,113470.5,239019.5,246952.5,262170.1,267718
dino-10m,101,true,fixed20,256,0,0.35488861386138615,0.34110702555060884,0.36867020217216345,83.6640625,84,97,100.25,101,101,,,,,,,20,20,20,20,20,20,83932.73828125,82776,90791,94465,104138.19999999998,105741
dino-10m,101,true,legacy,256,0,1,1,1,101,101,101,101,101,101,,,,,,,2441,2441,2441,2441,2441,2441,10000000,10000000,10000000,10000000,10000000,10000000
dino-10m,1000,true,auto,256,0,0.49846484375000005,0.48499522153898156,0.5119344659610185,1000,1000,1000,1000,1000,1000,,,,,,,236.1328125,236,245,248,252,265,984889.95703125,986482,1020382.5,1026250.5,1044749.2,1052549
dino-10m,1000,true,fixed20,256,0,0.0723828125,0.07087376901818472,0.07389185598181529,83.93359375,84,97,100.25,108.44999999999999,123,,,,,,,20,20,20,20,20,20,83932.73828125,82776,90791,94465,104138.19999999998,105741
dino-10m,1000,true,legacy,256,0,0.99999609375,0.9999884375,1,1000,1000,1000,1000,1000,1000,,,,,,,2441,2441,2441,2441,2441,2441,10000000,10000000,10000000,10000000,10000000,10000000
laion-10m,100,false,auto,3069,512,0.9656370153144347,0.9634565069333645,0.9678175236955049,100,100,100,100,100,100,41.016842767578126,21.4834185,104.19277950000001,107.33561045,110.12266403999999,115.218681,39.00619094167481,19,106,106,106,106,162308.66080156402,79491,436735.8,449940.6,465272.92000000004,482448
laion-10m,100,false,fixed20,3069,512,0.9215086347344411,0.916637327014832,0.9263799424540502,100,100,100,100,100,100,22.190533714843752,22.220359000000002,23.9997602,24.54474355,25.66937956,26.619029,20,20,20,20,20,20,83880.22906484197,83859,91082.2,93558.59999999999,98125.08,101058
laion-10m,100,false,fixed32,3069,512,0.9465070055392636,0.9426746974162222,0.950339313662305,100,100,100,100,100,100,33.45864546679688,33.4865545,35.580052,36.20574175,37.99923395,38.926658,32,32,32,32,32,32,133522.15021179538,133716,143182.2,145886.4,151187.36000000002,157151
laion-10m,100,false,fixed48,3069,512,0.9629455848810686,0.9599171639454213,0.965974005816716,100,100,100,100,100,100,48.713443865234375,48.76363,51.6662223,52.48557015,53.76428699,54.857454,48,48,48,48,48,48,199447.19257087,199579,212044,215265.8,221324.00000000003,229980
laion-10m,101,false,auto,3069,512,0.9800496178650123,0.9785327047393156,0.981566530990709,101,101,101,101,101,101,58.73709058007812,27.317068499999998,150.5334125,154.87982445,159.51696715999998,161.339956,57.86608015640274,25,156,156,156,156,240518.1541218638,102293,639979.8,659490.7999999999,678453.04,698312
laion-10m,101,false,fixed20,3069,512,0.9213985914720505,0.9165254326714054,0.9262717502726956,101,101,101,101,101,101,22.197746281249998,22.170285,23.9648464,24.5785197,25.762825999999997,27.007708,20,20,20,20,20,20,83880.22906484197,83859,91082.2,93558.59999999999,98125.08,101058
laion-10m,101,false,fixed32,3069,512,0.9464365791417851,0.9426000805308189,0.9502730777527514,101,101,101,101,101,101,33.445596771484375,33.467847,35.6406339,36.42550215,37.72039824,38.392404,32,32,32,32,32,32,133522.15021179538,133716,143182.2,145886.4,151187.36000000002,157151
laion-10m,101,false,fixed48,3069,512,0.9628833851127049,0.9598521170798482,0.9659146531455616,101,101,101,101,101,101,48.58889287304687,48.581766,51.5879726,52.31734175,53.66040288,54.654063,48,48,48,48,48,48,199447.19257087,199579,212044,215265.8,221324.00000000003,229980
laion-10m,101,false,legacy,32,32,0.999690594059406,0.9990841584158416,1,101,101,101,101,101,101,2290.26037434375,2290.0201885,2294.2703963,2295.3931113999997,2296.04715915,2296.246097,2441,2441,2441,2441,2441,2441,10000000,10000000,10000000,10000000,10000000,10000000
laion-10m,101,false,tuned,3069,512,0.9654384793318042,0.962881349228176,0.9679956094354323,101,101,101,101,101,101,37.775943902343755,23.2849925,69.03525110000001,70.3883927,72.97317507,75.684701,36.16454871293581,21,68,68,68,68,150588.30303030304,87493,287420.8,294353.2,304240,316210
laion-10m,200,false,auto,3069,512,0.9740501792114695,0.9723337681978438,0.9757665902250953,200,200,200,200,200,200,58.78995305664063,27.1628625,150.9709774,154.96519245,159.58134500999998,163.097756,57.86608015640274,25,156,156,156,156,240518.1541218638,102293,639979.8,659490.7999999999,678453.04,698312
laion-10m,200,false,fixed20,3069,512,0.9082306940371455,0.903018926650566,0.913442461423725,200,200,200,200,200,200,22.177274718750002,22.1191545,24.059013800000002,24.67562415,25.51875148,26.38029,20,20,20,20,20,20,83880.22906484197,83859,91082.2,93558.59999999999,98125.08,101058
laion-10m,200,false,fixed32,3069,512,0.9366748126425545,0.9325079833012996,0.9408416419838094,200,200,200,200,200,200,33.417409341796876,33.4436525,35.7309396,36.28633385,37.50487775,38.534507,32,32,32,32,32,32,133522.15021179538,133716,143182.2,145886.4,151187.36000000002,157151
laion-10m,200,false,fixed48,3069,512,0.9558276311502117,0.9525176376083558,0.9591376246920676,200,200,200,200,200,200,48.6177173203125,48.689451000000005,51.5336061,52.3613476,53.982111829999994,55.10443,48,48,48,48,48,48,199447.19257087,199579,212044,215265.8,221324.00000000003,229980
laion-10m,200,false,fixed64,3069,512,0.9666438579341805,0.9638552150707376,0.9694325007976234,200,200,200,200,200,200,63.80006157421875,63.868393999999995,67.48301260000001,68.21218715,70.20846638,71.898358,64,64,64,64,64,64,265281.1052460085,265432,280706.4,284651.6,290422.12000000005,297122
laion-10m,200,false,legacy,32,32,0.99921875,0.9976875000000001,1,200,200,200,200,200,200,2286.0899881875002,2286.4004445,2291.0828576,2292.05036345,2293.19090375,2293.427891,2441,2441,2441,2441,2441,2441,10000000,10000000,10000000,10000000,10000000,10000000
laion-10m,200,false,tuned,3069,512,0.9572434017595307,0.9544379696147226,0.9600488339043388,200,200,200,200,200,200,37.833610064453126,23.0566355,68.9464257,70.49624365,73.31484962,76.087464,36.16454871293581,21,68,68,68,68,150588.30303030304,87493,287420.8,294353.2,304240,316210
laion-10m,500,false,auto,3069,512,0.973070055392636,0.971362196248238,0.974777914537034,500,500,500,500,500,500,76.86688591601563,35.1146725,187.098536,191.2198785,196.77461734,198.609592,76.23721081785598,31,192,192,192,192,316718.33822091884,132777,790854.8,810695,832973.4400000001,849148
laion-10m,500,false,fixed20,3069,512,0.8851560768980123,0.8795006714617075,0.8908114823343172,500,500,500,500,500,500,22.646305064453124,22.659352499999997,24.4430652,25.0898726,25.955623619999997,27.088259,20,20,20,20,20,20,83880.22906484197,83859,91082.2,93558.59999999999,98125.08,101058
laion-10m,500,false,fixed48,3069,512,0.9423812316715543,0.9386597161144812,0.9461027472286274,500,500,500,500,500,500,49.102460794921875,49.107909,51.9923147,52.7519256,54.33219631,55.845426,48,48,48,48,48,48,199447.19257087,199579,212044,215265.8,221324.00000000003,229980
laion-10m,500,false,fixed64,3069,512,0.9558103616813295,0.9526403129153764,0.9589804104472825,500,500,500,500,500,500,64.3653934296875,64.332551,67.92249600000001,69.08830305,70.55205747,73.264138,64,64,64,64,64,64,265281.1052460085,265432,280706.4,284651.6,290422.12000000005,297122
laion-10m,500,false,fixed96,3069,512,0.9708478331704139,0.9685146583290158,0.973181008011812,500,500,500,500,500,500,94.93516803515624,94.780034,99.4807001,100.726197,104.00772373999999,105.52524,96,96,96,96,96,96,397168.27598566306,397006,417288.2,421683.4,431402.48000000004,441791
laion-10m,500,false,legacy,32,32,1,1,1,500,500,500,500,500,500,2285.24454184375,2284.680311,2289.9142228,2291.6257208,2292.46863164,2292.483374,2441,2441,2441,2441,2441,2441,10000000,10000000,10000000,10000000,10000000,10000000
laion-10m,500,false,tuned,3069,512,0.9576005213424569,0.955104158329566,0.9600968843553478,500,500,500,500,500,500,51.73982712695313,29.7051265,101.86788530000001,103.7668066,106.16002988,111.921138,49.987292277614856,25,101,101,101,101,207801.1137178234,114684,421560.2,431786.39999999997,445635.88,464031
laion-10m,1000,false,auto,3069,512,0.9703796024763768,0.9686338902405772,0.9721253147121763,1000,1000,1000,1000,1000,1000,93.8651598046875,40.272001,240.303814,245.16882755,250.51964664,255.260067,93.90941674812643,35,248,248,248,248,390127.7191267514,156778,1020400.6,1045978.4,1068578.56,1090179
laion-10m,1000,false,fixed128,3069,512,0.9722248289345063,0.9700897444719677,0.974359913397045,1000,1000,1000,1000,1000,1000,125.43338507226562,125.3545455,131.0939931,132.10420480000002,135.50745423,138.215913,128,128,128,128,128,128,529406.7292277615,529529,553563,559144.4,569981.52,579404
laion-10m,1000,false,fixed20,3069,512,0.861712284131639,0.8556423832561373,0.8677821850071408,1000,1000,1000,1000,1000,1000,22.877404572265625,22.853178,24.786649,25.3969338,26.50227416,27.454216,20,20,20,20,20,20,83880.22906484197,83859,91082.2,93558.59999999999,98125.08,101058
laion-10m,1000,false,fixed64,3069,512,0.9441687846203975,0.9406086231098588,0.9477289461309363,1000,1000,1000,1000,1000,1000,64.26207875585938,64.234748,67.86165050000001,68.72142955,70.62210636,73.759711,64,64,64,64,64,64,265281.1052460085,265432,280706.4,284651.6,290422.12000000005,297122
laion-10m,1000,false,fixed96,3069,512,0.9624995112414467,0.959852435289216,0.9651465871936774,1000,1000,1000,1000,1000,1000,94.85225640820313,94.7000775,99.5838625,100.6405124,102.96349122,107.048302,96,96,96,96,96,96,397168.27598566306,397006,417288.2,421683.4,431402.48000000004,441791
laion-10m,1000,false,legacy,32,32,1,1,1,1000,1000,1000,1000,1000,1000,2278.274317375,2278.700597,2280.8512989,2281.0772149000004,2282.61186697,2283.2027,2441,2441,2441,2441,2441,2441,10000000,10000000,10000000,10000000,10000000,10000000
laion-10m,1000,false,tuned,3069,512,0.9577973281199088,0.9554059356650242,0.9601887205747934,1000,1000,1000,1000,1000,1000,67.41155264453124,37.097962499999994,133.79836350000002,135.82050594999998,139.35890767,143.516626,66.14988595633757,32,134,134,134,134,274776.2987943956,145420,559864.2,572483.6,587618.28,609857
laion-10m,101,true,auto,256,0,0.47362314356435653,0.4553512720375367,0.49189501509117634,101,101,101,101,101,101,,,,,,,65.96484375,32,156,156,156,156,273753.921875,124174.5,643932,663525.25,672455.3999999999,687792
laion-10m,101,true,fixed20,256,0,0.3054610148514852,0.28862919087305133,0.32229283882991905,82.2421875,83,96,98.25,101,101,,,,,,,20,20,20,20,20,20,83781.7265625,83753.5,91281.5,92632.5,97655.9,101058
laion-10m,101,true,legacy,256,0,0.9970606435643564,0.991299504950495,1,101,101,101,101,101,101,,,,,,,2431.55859375,2441,2441,2441,2441,2441,9961340.34375,10000000,10000000,10000000,10000000,10000000
laion-10m,1000,true,auto,256,0,0.39459765625,0.3817294875938421,0.40746582490615785,1000,1000,1000,1000,1000,1000,,,,,,,246.19140625,248,255.5,259,263,266,1017959.12890625,1019029.5,1056667.5,1062871.25,1078486.55,1090179
laion-10m,1000,true,fixed20,256,0,0.06107421875,0.058992332190308854,0.06315610530969115,82.4921875,83,96,98.25,109.69999999999993,122,,,,,,,20,20,20,20,20,20,83781.7265625,83753.5,91281.5,92632.5,97655.9,101058
laion-10m,1000,true,legacy,256,0,0.99734765625,0.9921490625,1,1000,1000,1000,1000,1000,1000,,,,,,,2432.42578125,2441,2441,2441,2441,2441,9965055.60546875,10000000,10000000,10000000,10000000,10000000
fineweb-10m,100,false,auto,3200,512,0.9497875,0.9475731841757611,0.9520018158242389,100,100,100,100,100,100,66.13124600976562,73.5459195,104.2208221,105.85869315000001,107.87146361999999,110.852128,67.2625,76,106,106,106,106,274262.670625,313582.5,440492.3,448738.35,461093.00999999995,480738
fineweb-10m,100,false,fixed128,3200,512,0.9695625,0.9678207676973445,0.9713042323026555,100,100,100,100,100,100,122.76655445898437,122.84669650000001,127.13876730000001,128.62561614999998,131.00213143999997,132.485644,128,128,128,128,128,128,520574.0859375,519888.5,540298.3,546591.35,558046.7399999999,575235
fineweb-10m,100,false,fixed20,3200,512,0.8596,0.8545264909290299,0.8646735090709702,100,100,100,100,100,100,22.133939548828124,22.166763500000002,23.744261,24.20634515,24.73402966,25.61365,20,20,20,20,20,20,82804.9165625,82686.5,90010.3,92004.59999999999,95268.92999999998,103053
fineweb-10m,100,false,fixed64,3200,512,0.9415375,0.9387444507231112,0.9443305492768889,100,100,100,100,100,100,62.7265853984375,62.711369000000005,65.6972833,66.3742937,67.76510735999999,68.526328,64,64,64,64,64,64,260987.148125,260661,274185.2,278329.2,286275.91,300944
fineweb-10m,100,false,fixed96,3200,512,0.959484375,0.9573514288240427,0.9616173211759572,100,100,100,100,100,100,92.68416779296876,92.5703915,96.44393679999999,97.44379325,99.10032712,100.354717,96,96,96,96,96,96,390645.764375,389919.5,407890.7,412960.2,421883.12,436147
fineweb-10m,101,false,auto,3200,512,0.9653527227722773,0.9636511698179896,0.9670542757265651,101,101,101,101,101,101,93.42015560546875,98.6016645,150.5939839,152.3334367,154.32987147999998,157.112978,97.3621875,104,156,156,156,156,396550.6259375,426787,644403,654373.4,668626.6699999999,690352
fineweb-10m,101,false,fixed128,3200,512,0.9695235148514851,0.9677797375826591,0.9712672921203112,101,101,101,101,101,101,122.49039879296875,122.3731995,126.73763600000001,127.98256625,130.32821983,133.645152,128,128,128,128,128,128,520574.0859375,519888.5,540298.3,546591.35,558046.7399999999,575235
fineweb-10m,101,false,fixed20,3200,512,0.8594028465346534,0.8543264564853383,0.8644792365839684,101,101,101,101,101,101,22.188584931640623,22.172967,23.865839100000002,24.2759377,25.39023873,25.95441,20,20,20,20,20,20,82804.9165625,82686.5,90010.3,92004.59999999999,95268.92999999998,103053
fineweb-10m,101,false,fixed64,3200,512,0.9414573019801981,0.9386616988829171,0.944252905077479,101,101,101,101,101,101,62.69396018554687,62.5518335,65.8055416,66.42540315,68.18169228,68.653327,64,64,64,64,64,64,260987.148125,260661,274185.2,278329.2,286275.91,300944
fineweb-10m,101,false,fixed96,3200,512,0.9594028465346536,0.9572663712164149,0.9615393218528923,101,101,101,101,101,101,92.51672373828126,92.5139035,96.33897040000001,97.1072834,99.33397911,99.937531,96,96,96,96,96,96,390645.764375,389919.5,407890.7,412960.2,421883.12,436147
fineweb-10m,101,false,legacy,32,32,1,1,1,101,101,101,101,101,101,2301.9094564687502,2302.7685149999998,2306.5863329999997,2308.77457905,2310.5542661,2310.650983,2441,2441,2441,2441,2441,2441,10000000,10000000,10000000,10000000,10000000,10000000
fineweb-10m,101,false,tuned,3200,512,0.9646782178217822,0.9628926122456346,0.9664638233979298,101,101,101,101,101,101,90.99791811718751,102.425495,132.5529256,133.7578482,136.81835404,141.044475,94.475,109,136,136,136,136,384691.143125,447041.5,564439.2,572966.25,586917.69,603506
fineweb-10m,200,false,auto,3200,512,0.9591,0.9573317397057357,0.9608682602942642,200,200,200,200,200,200,94.13710227734374,98.8168325,151.6143759,153.38333075,155.7716561,157.999191,97.3621875,104,156,156,156,156,396550.6259375,426787,644403,654373.4,668626.6699999999,690352
fineweb-10m,200,false,fixed128,3200,512,0.964309375,0.9624819727156367,0.9661367772843633,200,200,200,200,200,200,123.44516536523437,123.604746,127.94024449999999,128.873747,131.61287928,133.645982,128,128,128,128,128,128,520574.0859375,519888.5,540298.3,546591.35,558046.7399999999,575235
fineweb-10m,200,false,fixed20,3200,512,0.8429140624999999,0.8377200959753446,0.8481080290246552,200,200,200,200,200,200,22.500819384765624,22.44293,24.0814195,24.45967725,25.322925859999998,26.192872,20,20,20,20,20,20,82804.9165625,82686.5,90010.3,92004.59999999999,95268.92999999998,103053
fineweb-10m,200,false,fixed64,3200,512,0.932959375,0.9300593844453238,0.9358593655546763,200,200,200,200,200,200,63.268948474609374,63.1764195,66.3427047,67.2546662,68.43624595,69.551034,64,64,64,64,64,64,260987.148125,260661,274185.2,278329.2,286275.91,300944
fineweb-10m,200,false,fixed96,3200,512,0.9531359374999999,0.9509145235007984,0.9553573514992014,200,200,200,200,200,200,93.25157586914062,93.3182195,96.993404,98.14439245,100.13817651,101.437162,96,96,96,96,96,96,390645.764375,389919.5,407890.7,412960.2,421883.12,436147
fineweb-10m,200,false,legacy,32,32,1,1,1,200,200,200,200,200,200,2288.4193847812503,2288.0668505,2292.1596479,2293.5619726,2294.24869368,2294.412768,2441,2441,2441,2441,2441,2441,10000000,10000000,10000000,10000000,10000000,10000000
fineweb-10m,200,false,tuned,3200,512,0.9585499999999999,0.9566947427452235,0.9604052572547763,200,200,200,200,200,200,91.73242441015626,103.394186,133.44603619999998,135.3490543,137.78233436999997,142.172113,94.475,109,136,136,136,136,384691.143125,447041.5,564439.2,572966.25,586917.69,603506
fineweb-10m,500,false,auto,3200,512,0.959604375,0.9580023530634739,0.961206396936526,500,500,500,500,500,500,120.61923841210937,133.938219,186.9565376,188.186514,191.52134024,193.104677,124.7903125,144,192,192,192,192,507809.749375,590398.5,793866.4,804305.1,819365.28,837527
fineweb-10m,500,false,fixed128,3200,512,0.9555799999999999,0.9536099969611592,0.9575500030388405,500,500,500,500,500,500,123.49701873828126,123.58293900000001,127.7721507,129.0103366,131.41483742999998,133.27175,128,128,128,128,128,128,520574.0859375,519888.5,540298.3,546591.35,558046.7399999999,575235
fineweb-10m,500,false,fixed192,3200,512,0.9709225,0.969483345251895,0.9723616547481051,500,500,500,500,500,500,183.6861910332031,183.82968849999997,188.6583414,190.07570644999998,193.18027159000002,195.441309,192,192,192,192,192,192,780299.41375,779944.5,804391.2,812759.9,824770.0499999999,843118
fineweb-10m,500,false,fixed20,3200,512,0.8153999999999999,0.8100062115561689,0.8207937884438309,500,500,500,500,500,500,22.74182088671875,22.7586595,24.371983500000002,24.85164475,25.822635730000002,26.36626,20,20,20,20,20,20,82804.9165625,82686.5,90010.3,92004.59999999999,95268.92999999998,103053
fineweb-10m,500,false,fixed96,3200,512,0.94189875,0.9394969635396362,0.9443005364603638,500,500,500,500,500,500,93.34067361523438,93.4266265,97.0870366,98.29749245,99.57973402,100.845328,96,96,96,96,96,96,390645.764375,389919.5,407890.7,412960.2,421883.12,436147
fineweb-10m,500,false,legacy,32,32,1,1,1,500,500,500,500,500,500,2292.708967875,2294.4016665,2299.8502342,2300.79844725,2302.1994605200002,2302.476138,2441,2441,2441,2441,2441,2441,10000000,10000000,10000000,10000000,10000000,10000000
fineweb-10m,500,false,tuned,3200,512,0.9596275,0.9581404279479798,0.9611145720520201,500,500,500,500,500,500,115.79698034570313,78.29122100000001,199.2001491,202.19705524999998,205.81575257,209.138721,120.9234375,80,208,208,208,208,491858.1128125,328354.5,848732.1,862180.65,883212.3099999999,900007
fineweb-10m,1000,false,auto,3200,512,0.959991875,0.9585431505057191,0.961440599494281,1000,1000,1000,1000,1000,1000,150.7565326875,155.919514,240.03876760000003,242.1901503,246.06940649999999,251.008388,156.583125,171,248,248,248,248,637441.838125,695997.5,1023015.6,1034172.6,1052764.8,1069318
fineweb-10m,1000,false,fixed128,3200,512,0.9463893750000001,0.9442452582074183,0.9485334917925818,1000,1000,1000,1000,1000,1000,123.58817603710938,123.751068,127.9562193,129.32609639999998,131.71614204,134.002533,128,128,128,128,128,128,520574.0859375,519888.5,540298.3,546591.35,558046.7399999999,575235
fineweb-10m,1000,false,fixed192,3200,512,0.9644809375,0.9629049308656394,0.9660569441343605,1000,1000,1000,1000,1000,1000,184.02592532031252,184.16349350000002,189.3163036,190.5215028,193.16101003,195.538404,192,192,192,192,192,192,780299.41375,779944.5,804391.2,812759.9,824770.0499999999,843118
fineweb-10m,1000,false,fixed20,3200,512,0.7881593749999999,0.7825871784619381,0.7937315715380616,1000,1000,1000,1000,1000,1000,23.0743021171875,23.0512575,24.675592899999998,25.0936719,26.31682852,26.782295,20,20,20,20,20,20,82804.9165625,82686.5,90010.3,92004.59999999999,95268.92999999998,103053
fineweb-10m,1000,false,fixed256,3200,512,0.9744256250000001,0.9732097861685866,0.9756414638314136,1000,1000,1000,1000,1000,1000,244.41547290234374,244.602912,250.3752112,252.4113332,255.12432356,260.061861,256,256,256,256,256,256,1041281.7521875,1040888.5,1068546,1078232.0999999999,1093168.5999999999,1116673
fineweb-10m,1000,false,legacy,32,32,0.9999687500000001,0.9999075000000001,1,1000,1000,1000,1000,1000,1000,2298.0631874375,2296.525287,2310.4787418,2312.22983935,2312.46794825,2312.56418,2441,2441,2441,2441,2441,2441,10000000,10000000,10000000,10000000,10000000,10000000
fineweb-10m,1000,false,tuned,3200,512,0.9600115625,0.9585931610805428,0.9614299639194571,1000,1000,1000,1000,1000,1000,142.45652891015624,113.894043,223.60385540000001,226.1877985,229.13013205,234.648728,149.1696875,120,232,232,232,232,606703.68625,490144.5,953048.2,966447.7999999999,982880.87,1003532
fineweb-10m,101,true,auto,256,0,0.6072478341584159,0.5903529933348624,0.6241426749819694,101,101,101,101,101,101,,,,,,,97.28125,99,156,156,156,156,395009.5625,410368,640689.5,648166.25,654244.6,662772
fineweb-10m,101,true,fixed20,256,0,0.33067759900990107,0.3177666348721493,0.34358856314765285,83.125,83,96,100,101,101,,,,,,,20,20,20,20,20,20,82635.7890625,82876.5,89573,91589.5,94522.3,96014
fineweb-10m,101,true,legacy,256,0,1,1,1,101,101,101,101,101,101,,,,,,,2441,2441,2441,2441,2441,2441,10000000,10000000,10000000,10000000,10000000,10000000
fineweb-10m,1000,true,auto,256,0,0.46981640625,0.46220791931718824,0.4774248931828117,1000,1000,1000,1000,1000,1000,,,,,,,246.87109375,248,255.5,257.25,265,270,1003027.0390625,1003035,1033660,1043013.5,1053327.2,1066501
fineweb-10m,1000,true,fixed20,256,0,0.07118749999999999,0.06975811374236023,0.07261688625763975,83.234375,83,96,100,104,108,,,,,,,20,20,20,20,20,20,82635.7890625,82876.5,89573,91589.5,94522.3,96014
fineweb-10m,1000,true,legacy,256,0,1,1,1,1000,1000,1000,1000,1000,1000,,,,,,,2441,2441,2441,2441,2441,2441,10000000,10000000,10000000,10000000,10000000,10000000
wiki-cohere-35m,100,false,auto,2500,512,0.9566479999999999,0.9544555683786619,0.958840431621338,100,100,100,100,100,100,451.4716308125,380.428629,781.6232652,793.25187265,804.04909322,818.229455,449.6492,383.5,768,768,768,768,1979316.3092,1681832,3444633.6,3495119.15,3559850.96,3662510
wiki-cohere-35m,100,false,fixed20,2500,512,0.685596,0.6763678693764551,0.6948241306235449,100,100,100,100,100,100,25.067295199218748,24.922899,27.1662198,28.13105685,29.604001649999997,30.822678,20,20,20,20,20,20,88451.634,88236,97853.09999999999,100891.2,107675.62999999996,127856
wiki-cohere-35m,100,false,fixed384,2500,512,0.9449040000000001,0.9418621508801467,0.9479458491198535,100,100,100,100,100,100,382.2016686796875,382.637928,399.9424768,404.27529375,411.12843154999996,414.013612,384,384,384,384,384,384,1677724.5792,1676547,1756260,1773500.3499999999,1801184.8199999998,1829259
wiki-cohere-35m,100,false,fixed512,2500,512,0.9571200000000001,0.954588926326248,0.9596510736737521,100,100,100,100,100,100,508.61516791406245,508.8736335,530.4516358,535.0812961,543.80766131,550.465105,512,512,512,512,512,512,2239031.66,2238948.5,2334135.9,2358012.55,2391270.7499999995,2448298
wiki-cohere-35m,100,false,fixed768,2500,512,0.971268,0.9694191383332673,0.9731168616667327,100,100,100,100,100,100,762.0739409902344,761.2258395,790.111934,797.17372385,806.93275812,818.77363,768,768,768,768,768,768,3365949.104,3363571.5,3488949.1,3521369.7,3571415.7099999995,3662510
wiki-cohere-35m,101,false,auto,2500,512,0.9630574257425742,0.9610965245556176,0.9650183269295309,101,101,101,101,101,101,537.1058696035157,522.4518345,846.4786838,854.40586055,867.7161662999999,879.265922,538.5036,540,833,833,833,833,2371001.2304,2367576,3751234.9,3796772.9499999997,3861226.15,3966840
wiki-cohere-35m,101,false,fixed20,2500,512,0.6853267326732674,0.6761010343270303,0.6945524310195045,101,101,101,101,101,101,24.998476677734374,24.905141999999998,27.022355400000002,27.982526649999997,29.339376889999997,30.841545,20,20,20,20,20,20,88451.634,88236,97853.09999999999,100891.2,107675.62999999996,127856
wiki-cohere-35m,101,false,fixed384,2500,512,0.9448316831683169,0.9417892724299886,0.9478740939066452,101,101,101,101,101,101,380.57086290429686,380.35761,398.2394762,402.20492709999996,409.04520066,413.393924,384,384,384,384,384,384,1677724.5792,1676547,1756260,1773500.3499999999,1801184.8199999998,1829259
wiki-cohere-35m,101,false,fixed512,2500,512,0.9570613861386138,0.9545308642910807,0.9595919079861469,101,101,101,101,101,101,506.38779803515627,506.3867255,529.1042544,533.0867368,540.16445413,544.224644,512,512,512,512,512,512,2239031.66,2238948.5,2334135.9,2358012.55,2391270.7499999995,2448298
wiki-cohere-35m,101,false,fixed768,2500,512,0.971239603960396,0.9693916364403418,0.9730875714804502,101,101,101,101,101,101,758.7391302207031,758.275349,784.9681466999999,792.9126435,801.28505517,810.384785,768,768,768,768,768,768,3365949.104,3363571.5,3488949.1,3521369.7,3571415.7099999995,3662510
wiki-cohere-35m,101,false,legacy,32,32,1,1,1,101,101,101,101,101,101,8022.2298275312505,8020.782222,8033.0943629,8040.0456402,8053.2449145,8056.948314,8545,8545,8545,8545,8545,8545,35000000,35000000,35000000,35000000,35000000,35000000
wiki-cohere-35m,101,false,tuned,2500,512,0.9626534653465347,0.9607012108811656,0.9646057198119039,101,101,101,101,101,101,517.9485110136718,373.16645900000003,931.1428857999999,946.5552487,966.2726970199999,981.441724,519.5876,360,930,930,930,930,2282909.6168,1630037,4127295.1999999997,4193464.3499999996,4290521.71,4399534
wiki-cohere-35m,200,false,auto,2500,512,0.9594220000000001,0.9574844200266251,0.9613595799733751,200,200,200,200,200,200,536.50385378125,521.8348195,845.3274341,853.5517689,865.38228092,876.635287,538.5036,540,833,833,833,833,2371001.2304,2367576,3751234.9,3796772.9499999997,3861226.15,3966840
wiki-cohere-35m,200,false,fixed20,2500,512,0.666794,0.6576754669452299,0.6759125330547701,200,200,200,200,200,200,25.044047060546877,24.9154685,27.1857483,27.8426523,29.57650748,31.15614,20,20,20,20,20,20,88451.634,88236,97853.09999999999,100891.2,107675.62999999996,127856
wiki-cohere-35m,200,false,fixed384,2500,512,0.9397840000000001,0.9367285760020504,0.9428394239979497,200,200,200,200,200,200,380.11781209960935,380.316517,397.7446921,401.46430085,406.8883674,414.309001,384,384,384,384,384,384,1677724.5792,1676547,1756260,1773500.3499999999,1801184.8199999998,1829259
wiki-cohere-35m,200,false,fixed512,2500,512,0.9530619999999999,0.9505225076706568,0.9556014923293429,200,200,200,200,200,200,505.7983062539063,506.2797005,528.6818158,531.73240225,538.6648606599999,543.263741,512,512,512,512,512,512,2239031.66,2238948.5,2334135.9,2358012.55,2391270.7499999995,2448298
wiki-cohere-35m,200,false,fixed768,2500,512,0.9683639999999999,0.9664963301992642,0.9702316698007356,200,200,200,200,200,200,757.73185703125,756.881355,784.5548271,791.06789165,799.63643116,808.683974,768,768,768,768,768,768,3365949.104,3363571.5,3488949.1,3521369.7,3571415.7099999995,3662510
wiki-cohere-35m,200,false,legacy,32,32,1,1,1,200,200,200,200,200,200,8036.1845173125,8038.6356725,8049.241729400001,8051.16870495,8053.2326954,8053.770378,8545,8545,8545,8545,8545,8545,35000000,35000000,35000000,35000000,35000000,35000000
wiki-cohere-35m,200,false,tuned,2500,512,0.958902,0.9569554562321578,0.9608485437678422,200,200,200,200,200,200,517.5266538183594,372.781302,928.9876363000001,945.94784435,963.36589018,977.633479,519.5876,360,930,930,930,930,2282909.6168,1630037,4127295.1999999997,4193464.3499999996,4290521.71,4399534
wiki-cohere-35m,500,false,auto,2500,512,0.9599848000000002,0.9582505876387675,0.9617190123612329,500,500,500,500,500,500,632.4423851464844,613.5356429999999,992.3512355,1001.3018627,1014.07333532,1029.159317,630.4256,636.5,971,971,971,971,2776903.678,2811605,4372374.7,4418908.6,4482694.2299999995,4589781
wiki-cohere-35m,500,false,fixed1024,2500,512,0.9729455999999999,0.9714138454689936,0.9744773545310061,500,500,500,500,500,500,1017.0517258652344,1016.963548,1049.7462773999998,1057.46366715,1068.5976722999999,1087.234509,1024,1024,1024,1024,1024,1024,4496409.7912,4493669.5,4636823.7,4681664.5,4732543.1899999995,4826753
wiki-cohere-35m,500,false,fixed20,2500,512,0.638332,0.6294048322170429,0.6472591677829571,500,500,500,500,500,500,25.375944037109374,25.29336,27.4578049,28.255063,29.724187279999995,31.323961,20,20,20,20,20,20,88451.634,88236,97853.09999999999,100891.2,107675.62999999996,127856
wiki-cohere-35m,500,false,fixed512,2500,512,0.9463615999999998,0.9437264678829023,0.9489967321170973,500,500,500,500,500,500,508.8401216171875,508.81865200000004,531.0146937,536.1522506499999,542.98561917,551.341013,512,512,512,512,512,512,2239031.66,2238948.5,2334135.9,2358012.55,2391270.7499999995,2448298
wiki-cohere-35m,500,false,fixed768,2500,512,0.9633383999999998,0.9613807704194918,0.9652960295805079,500,500,500,500,500,500,762.9462868769531,762.8071775,790.5252101,798.2595856500001,807.15031308,815.835606,768,768,768,768,768,768,3365949.104,3363571.5,3488949.1,3521369.7,3571415.7099999995,3662510
wiki-cohere-35m,500,false,legacy,32,32,1,1,1,500,500,500,500,500,500,8029.209115875001,8029.518319,8044.2288069,8048.9588904,8063.50334234,8068.194041,8545,8545,8545,8545,8545,8545,35000000,35000000,35000000,35000000,35000000,35000000
wiki-cohere-35m,500,false,tuned,2500,512,0.9595935999999999,0.9578106937186016,0.9613765062813983,500,500,500,500,500,500,614.3679259277344,435.808271,1017.6102512,1028.5856101,1044.53781254,1063.481785,611.8524,458,1001,1001,1001,1001,2690800.1072,2007444,4480324,4538290.1,4615383.8,4728639
wiki-cohere-35m,1000,false,auto,2500,512,0.9602052,0.9585688452606176,0.9618415547393824,1000,1000,1000,1000,1000,1000,716.1257840410157,725.6242085,1102.5580825,1111.8870059,1128.21896081,1139.272277,721.7108,754.5,1092,1092,1092,1092,3179432.402,3316164,4915778.6,4964192.45,5032328.22,5128163
wiki-cohere-35m,1000,false,fixed1024,2500,512,0.9691892,0.9675696775570544,0.9708087224429456,1000,1000,1000,1000,1000,1000,1007.6113193046875,1006.8047985000001,1039.8081127,1045.81875615,1056.87815541,1075.367931,1024,1024,1024,1024,1024,1024,4496409.7912,4493669.5,4636823.7,4681664.5,4732543.1899999995,4826753
wiki-cohere-35m,1000,false,fixed20,2500,512,0.6103404,0.6016181898216256,0.6190626101783744,1000,1000,1000,1000,1000,1000,25.490538140625002,25.3122245,27.5608768,28.5942845,30.146151109999995,31.188922,20,20,20,20,20,20,88451.634,88236,97853.09999999999,100891.2,107675.62999999996,127856
wiki-cohere-35m,1000,false,fixed512,2500,512,0.9398204,0.9370680509805899,0.9425727490194101,1000,1000,1000,1000,1000,1000,504.27179774609374,504.26016949999996,526.5585977,530.2829166,537.64935565,545.603704,512,512,512,512,512,512,2239031.66,2238948.5,2334135.9,2358012.55,2391270.7499999995,2448298
wiki-cohere-35m,1000,false,fixed768,2500,512,0.9585067999999999,0.9564441739933213,0.9605694260066785,1000,1000,1000,1000,1000,1000,756.043124875,755.3718595,783.5033022,790.33409515,798.29750253,811.704701,768,768,768,768,768,768,3365949.104,3363571.5,3488949.1,3521369.7,3571415.7099999995,3662510
wiki-cohere-35m,1000,false,legacy,32,32,1,1,1,1000,1000,1000,1000,1000,1000,8037.0840475625,8036.4390205,8052.827143500001,8053.33063515,8064.39592086,8069.308489,8545,8545,8545,8545,8545,8545,35000000,35000000,35000000,35000000,35000000,35000000
wiki-cohere-35m,1000,false,tuned,2500,512,0.9596920000000002,0.9580399791857744,0.961344020814226,1000,1000,1000,1000,1000,1000,692.796628890625,498.029073,1187.4157668999999,1203.84114355,1223.78572142,1245.311085,697.0908,482,1189,1189,1189,1189,3064920.2016,2188601,5295946.9,5364611.2,5463297.729999999,5565805
wiki-cohere-35m,101,true,auto,256,0,0.7873220915841584,0.7739470597618641,0.8006971234064528,101,101,101,101,101,101,,,,,,,543.5234375,597,833,833,833,833,2393991.3671875,2584623.5,3756981.5,3791881.5,3837373.9,3874783
wiki-cohere-35m,101,true,fixed20,256,0,0.23746905940594062,0.22514361676517125,0.24979450204671,88.0078125,89,101,101,101,101,,,,,,,20,20,20,20,20,20,89218.8203125,88406.5,99439.5,101985.5,109058.75,112132
wiki-cohere-35m,101,true,legacy,256,0,1,1,1,101,101,101,101,101,101,,,,,,,8545,8545,8545,8545,8545,8545,35000000,35000000,35000000,35000000,35000000,35000000
wiki-cohere-35m,1000,true,auto,256,0,0.60900390625,0.5930619851187983,0.6249458273812017,1000,1000,1000,1000,1000,1000,,,,,,,727.47265625,776.5,1092,1092,1092,1092,3204709.37890625,3376894.5,4915239.5,4956786,5027038.15,5049705
wiki-cohere-35m,1000,true,fixed20,256,0,0.06645703124999999,0.06473341394999654,0.06818064855000344,89.06640625,89,104,109,119.44999999999999,130,,,,,,,20,20,20,20,20,20,89218.8203125,88406.5,99439.5,101985.5,109058.75,112132
wiki-cohere-35m,1000,true,legacy,256,0,1,1,1,1000,1000,1000,1000,1000,1000,,,,,,,8545,8545,8545,8545,8545,8545,35000000,35000000,35000000,35000000,35000000,35000000
dpr-wikipedia-single-nq,100,false,auto,1805,512,0.9622216066481994,0.9591567508019164,0.9652864624944825,100,100,100,100,100,100,182.62078887304688,182.4603905,190.0234209,191.9866809,195.24097892,197.182764,200,200,200,200,200,200,794285.1950138505,794425,825154.8,832678.2,847120.72,861477
dpr-wikipedia-single-nq,100,false,fixed128,1805,512,0.9382770083102494,0.9339635807948549,0.942590435825644,100,100,100,100,100,100,117.33872856835939,117.12929,122.76381020000001,123.71804055,125.81604881999999,128.120777,128,128,128,128,128,128,506637.3296398892,507126,529449.6,534107.2,541357.16,553282
dpr-wikipedia-single-nq,100,false,fixed192,1805,512,0.9604432132963988,0.9572943505386903,0.9635920760541073,100,100,100,100,100,100,175.01801823242187,174.7790955,182.3205596,184.3587761,186.49970109999998,188.834266,192,192,192,192,192,192,762184.3623268699,762208,792603.6,799659.4,813732.2,826478
dpr-wikipedia-single-nq,100,false,fixed20,1805,512,0.7546371191135733,0.7442678031124158,0.7650064351147309,100,100,100,100,100,100,21.820620292968748,21.9536235,23.2104651,23.5171437,24.173355570000002,24.623625,20,20,20,20,20,20,78952.40997229917,79414,84852.6,86108.2,88501.76,93779
dpr-wikipedia-single-nq,100,false,fixed256,1805,512,0.971634349030471,0.9690911998681799,0.974177498192762,100,100,100,100,100,100,232.93116064062502,232.5362375,241.6797894,244.33783355,248.8335152,250.840602,256,256,256,256,256,256,1018516.9745152354,1017931,1054471.8,1064544.8,1084710.84,1099464
dpr-wikipedia-single-nq,101,false,auto,1805,512,0.9639176105976249,0.9609244334242251,0.9669107877710248,101,101,101,101,101,101,192.45317610546874,192.03861999999998,199.7914202,202.23496525,205.25944185,206.783729,211,211,211,211,211,211,838275.8288088642,837591,870140,877650.8,892549.68,904985
dpr-wikipedia-single-nq,101,false,fixed128,1805,512,0.9380817860179369,0.9337645998107675,0.9423989722251063,101,101,101,101,101,101,117.34551473046875,117.4748575,122.6767833,123.7968239,125.58017445,127.181511,128,128,128,128,128,128,506637.3296398892,507126,529449.6,534107.2,541357.16,553282
dpr-wikipedia-single-nq,101,false,fixed192,1805,512,0.960275362716327,0.9571217658479316,0.9634289595847223,101,101,101,101,101,101,174.94418160546877,174.567133,181.9623077,184.41515465,187.28031282999999,189.574211,192,192,192,192,192,192,762184.3623268699,762208,792603.6,799659.4,813732.2,826478
dpr-wikipedia-single-nq,101,false,fixed20,1805,512,0.7543676805353666,0.7440043034499806,0.7647310576207527,101,101,101,101,101,101,21.843629320312502,22.057532000000002,23.2471089,23.557880649999998,23.901876910000002,24.430897,20,20,20,20,20,20,78952.40997229917,79414,84852.6,86108.2,88501.76,93779
dpr-wikipedia-single-nq,101,false,fixed256,1805,512,0.9714928279531555,0.9689432977046166,0.9740423582016944,101,101,101,101,101,101,232.8644617421875,232.145085,241.4320466,243.895053,248.39965802999998,251.647463,256,256,256,256,256,256,1018516.9745152354,1017931,1054471.8,1064544.8,1084710.84,1099464
dpr-wikipedia-single-nq,101,false,legacy,32,32,0.22277227722772275,0.1320888057223668,0.3134557487330787,101,101,101,101,101,101,5.46276415625,5.500247,5.9932961,6.1821236,6.53861222,6.595602,1,1,1,1,1,1,3888.375,3883.5,4785.1,5730.5,6152.160000000001,6265
dpr-wikipedia-single-nq,101,false,tuned,1805,512,0.9648939963248403,0.9623854444043356,0.967402548245345,101,101,101,101,101,101,169.62387209179687,139.602122,328.66022910000004,387.0324988,403.67119655,409.144285,180.00775623268697,141,353,434,434,434,717480.7767313019,560057,1401494.2000000002,1698849.6,1775183.76,1817043
dpr-wikipedia-single-nq,200,false,auto,1805,512,0.9600858725761773,0.9571666286487733,0.9630051165035812,200,200,200,200,200,200,193.34701734375,193.287669,200.9239782,203.2808946,207.66365037,208.838637,211,211,211,211,211,211,838275.8288088642,837591,870140,877650.8,892549.68,904985
dpr-wikipedia-single-nq,200,false,fixed128,1805,512,0.9322936288088642,0.9280999715396278,0.9364872860781007,200,200,200,200,200,200,117.99473366015624,118.0716545,123.47224969999999,124.36124845,126.50941483,127.452219,128,128,128,128,128,128,506637.3296398892,507126,529449.6,534107.2,541357.16,553282
dpr-wikipedia-single-nq,200,false,fixed192,1805,512,0.9561301939058172,0.9530576484028197,0.9592027394088147,200,200,200,200,200,200,175.86254771093752,175.59042549999998,182.91787870000002,185.0607973,188.27840125,189.99089,192,192,192,192,192,192,762184.3623268699,762208,792603.6,799659.4,813732.2,826478
dpr-wikipedia-single-nq,200,false,fixed20,1805,512,0.7378670360110803,0.7278681592304388,0.7478659127917218,200,200,200,200,200,200,22.01639770898438,22.2059295,23.374482999999998,23.7811918,24.255871879999997,25.000052,20,20,20,20,20,20,78952.40997229917,79414,84852.6,86108.2,88501.76,93779
dpr-wikipedia-single-nq,200,false,fixed256,1805,512,0.9681495844875346,0.9656439774823883,0.970655191492681,200,200,200,200,200,200,233.91239502929687,233.412722,242.62698500000002,244.84936125,248.64929515,250.640774,256,256,256,256,256,256,1018516.9745152354,1017931,1054471.8,1064544.8,1084710.84,1099464
dpr-wikipedia-single-nq,200,false,legacy,32,32,0.21015625,0.12633084966886288,0.2939816503311371,200,200,200,200,200,200,5.57478409375,5.547706,5.9961153,6.18550775,6.22052332,6.22698,1,1,1,1,1,1,3888.375,3883.5,4785.1,5730.5,6152.160000000001,6265
dpr-wikipedia-single-nq,200,false,tuned,1805,512,0.9599778393351799,0.9575164639934292,0.9624392146769306,200,200,200,200,200,200,170.41794593945312,140.841895,332.0569503000001,388.8614483,404.73645617,411.757019,180.00775623268697,141,353,434,434,434,717480.7767313019,560057,1401494.2000000002,1698849.6,1775183.76,1817043
dpr-wikipedia-single-nq,500,false,auto,1805,512,0.9596321329639889,0.9569773605640719,0.9622869053639058,500,500,500,500,500,500,223.93163554296876,223.686748,232.4211887,234.599537,239.14071374,242.228407,244,244,244,244,244,244,970433.259833795,970334,1005448.6,1015343.8,1031372.2,1050404
dpr-wikipedia-single-nq,500,false,fixed192,1805,512,0.9477340720221605,0.9445877859764363,0.9508803580678847,500,500,500,500,500,500,176.13669901171875,176.0388575,183.0232198,185.45488315,188.22833816,190.518101,192,192,192,192,192,192,762184.3623268699,762208,792603.6,799659.4,813732.2,826478
dpr-wikipedia-single-nq,500,false,fixed20,1805,512,0.7097396121883656,0.7001651667612108,0.7193140576155204,500,500,500,500,500,500,22.28413433984375,22.494387,23.6266417,23.9236151,24.53107576,25.017558,20,20,20,20,20,20,78952.40997229917,79414,84852.6,86108.2,88501.76,93779
dpr-wikipedia-single-nq,500,false,fixed256,1805,512,0.961585595567867,0.9590139160843134,0.9641572750514207,500,500,500,500,500,500,234.668411046875,234.2767875,243.3912963,245.50334285,250.62888997,253.479601,256,256,256,256,256,256,1018516.9745152354,1017931,1054471.8,1064544.8,1084710.84,1099464
dpr-wikipedia-single-nq,500,false,fixed384,1805,512,0.9766193905817174,0.9748224224692663,0.9784163586941685,500,500,500,500,500,500,351.0123279980469,350.54565,362.5942877,365.4680649,370.28602894,373.182045,384,384,384,384,384,384,1533181.0315789473,1530622,1581524.6,1597514.5999999999,1618595.92,1630319
dpr-wikipedia-single-nq,500,false,legacy,32,32,0.188,0.11611740890016689,0.25988259109983314,500,500,500,500,500,500,5.6298586875000005,5.6041435,6.1256567,6.2258198,6.53130146,6.654723,1,1,1,1,1,1,3888.375,3883.5,4785.1,5730.5,6152.160000000001,6265
dpr-wikipedia-single-nq,500,false,tuned,1805,512,0.9590349030470914,0.9567890148816024,0.9612807912125804,500,500,500,500,500,500,204.031008546875,187.85034050000002,339.4348718,346.0057617,353.44412060999997,357.733066,215.21717451523546,196,369,369,369,369,858260.9412742383,776515,1476503.6,1501337.2,1542108.56,1565652
dpr-wikipedia-single-nq,1000,false,auto,1805,512,0.9592614958448753,0.9567661133324382,0.9617568783573124,1000,1000,1000,1000,1000,1000,255.76716458398437,255.0232525,265.20388460000004,267.99172595,273.53961172,277.247661,279,279,279,279,279,279,1111012.4387811634,1109672,1148960.2,1160651.8,1180500.8800000001,1198191
dpr-wikipedia-single-nq,1000,false,fixed192,1805,512,0.93942216066482,0.936147707971551,0.942696613358089,1000,1000,1000,1000,1000,1000,176.24588164648435,175.9278065,183.5716725,185.5263599,188.50731892,190.909029,192,192,192,192,192,192,762184.3623268699,762208,792603.6,799659.4,813732.2,826478
dpr-wikipedia-single-nq,1000,false,fixed20,1805,512,0.6818138504155125,0.6724778910721068,0.6911498097589182,1000,1000,1000,1000,1000,1000,22.578570300781248,22.714396,24.1148811,24.41937285,24.97786125,25.606366,20,20,20,20,20,20,78952.40997229917,79414,84852.6,86108.2,88501.76,93779
dpr-wikipedia-single-nq,1000,false,fixed256,1805,512,0.9551102493074793,0.9524365757021319,0.9577839229128268,1000,1000,1000,1000,1000,1000,234.63340137890623,234.1636655,243.27398490000002,246.22273760000002,250.63666633,255.735857,256,256,256,256,256,256,1018516.9745152354,1017931,1054471.8,1064544.8,1084710.84,1099464
dpr-wikipedia-single-nq,1000,false,fixed384,1805,512,0.9722908587257618,0.9704069627962504,0.9741747546552733,1000,1000,1000,1000,1000,1000,350.74666939257816,350.187093,362.9637333,365.35865125,371.00429876,373.597252,384,384,384,384,384,384,1533181.0315789473,1530622,1581524.6,1597514.5999999999,1618595.92,1630319
dpr-wikipedia-single-nq,1000,false,legacy,32,32,0.173,0.10846283488837488,0.2375371651116251,1000,1000,1000,1000,1000,1000,5.78798234375,5.843134,6.2676623,6.3475036,6.5868538700000006,6.672483,1,1,1,1,1,1,3888.375,3883.5,4785.1,5730.5,6152.160000000001,6265
dpr-wikipedia-single-nq,1000,false,tuned,1805,512,0.958828808864266,0.956724750308818,0.9609328674197141,1000,1000,1000,1000,1000,1000,234.2300410078125,212.56656850000002,368.4635098,374.52801824999995,383.3979441,387.048931,248.94459833795014,218,401,401,401,401,992624.7573407203,876983,1605733.6,1631661.8,1674126.76,1694244
dpr-wikipedia-single-nq,101,true,auto,256,0,0.7280321782178218,0.711580035455571,0.7444843209800727,101,101,101,101,101,101,,,,,,,211,211,211,211,211,211,839600.36328125,838180,871004,880851.5,894404.7,904878
dpr-wikipedia-single-nq,101,true,fixed20,256,0,0.2628403465346535,0.25080870999503735,0.27487198307426963,80.1015625,80,93,98,101,101,,,,,,,20,20,20,20,20,20,78918.26171875,79736,84517.5,86176.25,88173.4,88938
dpr-wikipedia-single-nq,101,true,legacy,256,0,0.30406868811881194,0.2917702644136026,0.3163671118240213,101,101,101,101,101,101,,,,,,,25.78515625,25,30,31,32.44999999999999,37,101485.45703125,101442.5,113743.5,119313.75,125316.84999999999,135938
dpr-wikipedia-single-nq,1000,true,auto,256,0,0.45256640625,0.44042369398040554,0.46470911851959446,1000,1000,1000,1000,1000,1000,,,,,,,279,279,279,279,279,279,1113509.91015625,1112823.5,1149089.5,1164761,1183833.55,1197472
dpr-wikipedia-single-nq,1000,true,fixed20,256,0,0.062703125,0.06099970314513697,0.06440654685486302,80.27734375,80,93,98,106.24999999999994,123,,,,,,,20,20,20,20,20,20,78918.26171875,79736,84517.5,86176.25,88173.4,88938
dpr-wikipedia-single-nq,1000,true,legacy,256,0,0.42191015625,0.4110254724844763,0.4327948400155237,1000,1000,1000,1000,1000,1000,,,,,,,248.26953125,248,259,265,272,277,989033.8671875,989049,1023291.5,1030550,1050389.55,1069106
