split,dataset,k,policy,recall,partitions_mean,partitions_p50,partitions_p90,partitions_p95,partitions_p99,partitions_max,rows_mean,rows_p50,rows_p90,rows_p95,rows_p99,rows_max
calibration,dino-10m,100,existing,0.9511295572916666,22.012369791666668,16,38,38,38,38,92780.3466796875,68072.5,163030.4,167903.15,181547.93999999997,193722
calibration,dino-10m,101,anchor_buckets,0.9684051412953796,31.779947916666668,22,56,56,56,56,133668.27408854166,94744.5,239493,247446.75,260724.36,276616
calibration,dino-10m,101,single_bucket,0.9840849319306931,52.3271484375,30,93,93,93,93,219508.26302083334,136480.5,395301.7,406245.3,421275.73,442250
calibration,dino-10m,101,legacy,1,2441,2441,2441,2441,2441,2441,10000000,10000000,10000000,10000000,10000000,10000000
calibration,dino-10m,150,anchor_buckets,0.9639561631944445,31.779947916666668,22,56,56,56,56,133668.27408854166,94744.5,239493,247446.75,260724.36,276616
calibration,dino-10m,150,single_bucket,0.9813671875000001,52.3271484375,30,93,93,93,93,219508.26302083334,136480.5,395301.7,406245.3,421275.73,442250
calibration,dino-10m,150,legacy,1,2441,2441,2441,2441,2441,2441,10000000,10000000,10000000,10000000,10000000,10000000
calibration,dino-10m,200,anchor_buckets,0.96009765625,31.779947916666668,22,56,56,56,56,133668.27408854166,94744.5,239493,247446.75,260724.36,276616
calibration,dino-10m,200,single_bucket,0.979072265625,52.3271484375,30,93,93,93,93,219508.26302083334,136480.5,395301.7,406245.3,421275.73,442250
calibration,dino-10m,200,anchor_profile,0.96009765625,31.779947916666668,22,56,56,56,56,133668.27408854166,94744.5,239493,247446.75,260724.36,276616
calibration,dino-10m,200,legacy,1,2441,2441,2441,2441,2441,2441,10000000,10000000,10000000,10000000,10000000,10000000
calibration,dino-10m,300,anchor_buckets,0.9669444444444446,41.192708333333336,22,81,81,81,81,173074.2373046875,102659.5,342626.9,352161.64999999997,368810.15,388492
calibration,dino-10m,300,single_bucket,0.9756477864583334,52.3271484375,30,93,93,93,93,219508.26302083334,136480.5,395301.7,406245.3,421275.73,442250
calibration,dino-10m,300,legacy,1,2441,2441,2441,2441,2441,2441,10000000,10000000,10000000,10000000,10000000,10000000
calibration,dino-10m,400,anchor_buckets,0.9631559244791669,41.192708333333336,22,81,81,81,81,173074.2373046875,102659.5,342626.9,352161.64999999997,368810.15,388492
calibration,dino-10m,400,single_bucket,0.9727652994791667,52.3271484375,30,93,93,93,93,219508.26302083334,136480.5,395301.7,406245.3,421275.73,442250
calibration,dino-10m,400,legacy,1,2441,2441,2441,2441,2441,2441,10000000,10000000,10000000,10000000,10000000,10000000
calibration,dino-10m,500,anchor_buckets,0.9600449218749999,41.192708333333336,22,81,81,81,81,173074.2373046875,102659.5,342626.9,352161.64999999997,368810.15,388492
calibration,dino-10m,500,single_bucket,0.9703307291666666,52.3271484375,30,93,93,93,93,219508.26302083334,136480.5,395301.7,406245.3,421275.73,442250
calibration,dino-10m,500,anchor_profile,0.9600449218749999,41.192708333333336,22,81,81,81,81,173074.2373046875,102659.5,342626.9,352161.64999999997,368810.15,388492
calibration,dino-10m,500,legacy,1,2441,2441,2441,2441,2441,2441,10000000,10000000,10000000,10000000,10000000,10000000
calibration,dino-10m,750,anchor_buckets,0.9647586805555554,52.3271484375,30,93,93,93,93,219508.26302083334,136480.5,395301.7,406245.3,421275.73,442250
calibration,dino-10m,750,single_bucket,0.9647586805555554,52.3271484375,30,93,93,93,93,219508.26302083334,136480.5,395301.7,406245.3,421275.73,442250
calibration,dino-10m,750,legacy,1,2441,2441,2441,2441,2441,2441,10000000,10000000,10000000,10000000,10000000,10000000
calibration,dino-10m,1000,anchor_buckets,0.9600006510416668,52.3271484375,30,93,93,93,93,219508.26302083334,136480.5,395301.7,406245.3,421275.73,442250
calibration,dino-10m,1000,single_bucket,0.9600006510416668,52.3271484375,30,93,93,93,93,219508.26302083334,136480.5,395301.7,406245.3,421275.73,442250
calibration,dino-10m,1000,anchor_profile,0.9600006510416668,52.3271484375,30,93,93,93,93,219508.26302083334,136480.5,395301.7,406245.3,421275.73,442250
calibration,dino-10m,1000,legacy,1,2441,2441,2441,2441,2441,2441,10000000,10000000,10000000,10000000,10000000,10000000
calibration,dino-10m,2000,anchor_buckets,0.9449728190104167,52.3271484375,30,93,93,93,93,219508.26302083334,136480.5,395301.7,406245.3,421275.73,442250
calibration,dino-10m,2000,single_bucket,0.9449728190104167,52.3271484375,30,93,93,93,93,219508.26302083334,136480.5,395301.7,406245.3,421275.73,442250
calibration,dino-10m,2000,anchor_profile,0.9600283203125,68.7421875,42,113,113,113,113,287983.14453125,191279,480993.4,491916.05,510358.44,526922
calibration,dino-10m,2000,legacy,1,2441,2441,2441,2441,2441,2441,10000000,10000000,10000000,10000000,10000000,10000000
calibration,dino-10m,5000,anchor_buckets,0.9122854817708334,52.3271484375,30,93,93,93,93,219508.26302083334,136480.5,395301.7,406245.3,421275.73,442250
calibration,dino-10m,5000,single_bucket,0.9122854817708334,52.3271484375,30,93,93,93,93,219508.26302083334,136480.5,395301.7,406245.3,421275.73,442250
calibration,dino-10m,5000,anchor_profile,0.9600040364583334,106.1240234375,73,162,162,162,162,443750.0768229167,305441.5,689136.9,702563,719652.53,737299
calibration,dino-10m,5000,legacy,1,2441,2441,2441,2441,2441,2441,10000000,10000000,10000000,10000000,10000000,10000000
calibration,laion-10m,100,existing,0.9690787760416667,39.229166666666664,19,106,106,106,106,163339.08138020834,80344.5,437436,450081.1,466692.38,487819
calibration,laion-10m,101,anchor_buckets,0.982064124381188,58.2685546875,25,156,156,156,156,242334.8017578125,102923,641243.4,659420.95,678436.6799999999,703309
calibration,laion-10m,101,single_bucket,0.9912334983498351,94.55826822916667,36,248,248,248,248,392971.5071614583,158075.5,1023104,1046379.5,1070447.35,1099807
calibration,laion-10m,101,legacy,1,2440.2044270833335,2441,2441,2441,2441,2441,9996744.414388021,10000000,10000000,10000000,10000000,10000000
calibration,laion-10m,150,anchor_buckets,0.9788758680555555,58.2685546875,25,156,156,156,156,242334.8017578125,102923,641243.4,659420.95,678436.6799999999,703309
calibration,laion-10m,150,single_bucket,0.9894748263888888,94.55826822916667,36,248,248,248,248,392971.5071614583,158075.5,1023104,1046379.5,1070447.35,1099807
calibration,laion-10m,150,legacy,1,2440.2044270833335,2441,2441,2441,2441,2441,9996744.414388021,10000000,10000000,10000000,10000000,10000000
calibration,laion-10m,200,anchor_buckets,0.9759309895833334,58.2685546875,25,156,156,156,156,242334.8017578125,102923,641243.4,659420.95,678436.6799999999,703309
calibration,laion-10m,200,single_bucket,0.9879915364583333,94.55826822916667,36,248,248,248,248,392971.5071614583,158075.5,1023104,1046379.5,1070447.35,1099807
calibration,laion-10m,200,anchor_profile,0.9759309895833334,58.2685546875,25,156,156,156,156,242334.8017578125,102923,641243.4,659420.95,678436.6799999999,703309
calibration,laion-10m,200,legacy,1,2440.2044270833335,2441,2441,2441,2441,2441,9996744.414388021,10000000,10000000,10000000,10000000,10000000
calibration,laion-10m,300,anchor_buckets,0.9806792534722222,76.63932291666667,32,192,192,192,192,318381.3151041667,133479.5,794239.7,812633.0499999999,832626.6,863581
calibration,laion-10m,300,single_bucket,0.9852625868055555,94.55826822916667,36,248,248,248,248,392971.5071614583,158075.5,1023104,1046379.5,1070447.35,1099807
calibration,laion-10m,300,legacy,1,2440.2044270833335,2441,2441,2441,2441,2441,9996744.414388021,10000000,10000000,10000000,10000000,10000000
calibration,laion-10m,400,anchor_buckets,0.9776822916666666,76.63932291666667,32,192,192,192,192,318381.3151041667,133479.5,794239.7,812633.0499999999,832626.6,863581
calibration,laion-10m,400,single_bucket,0.9827360026041667,94.55826822916667,36,248,248,248,248,392971.5071614583,158075.5,1023104,1046379.5,1070447.35,1099807
calibration,laion-10m,400,legacy,1,2440.2044270833335,2441,2441,2441,2441,2441,9996744.414388021,10000000,10000000,10000000,10000000,10000000
calibration,laion-10m,500,anchor_buckets,0.9751992187499999,76.63932291666667,32,192,192,192,192,318381.3151041667,133479.5,794239.7,812633.0499999999,832626.6,863581
calibration,laion-10m,500,single_bucket,0.9807024739583333,94.55826822916667,36,248,248,248,248,392971.5071614583,158075.5,1023104,1046379.5,1070447.35,1099807
calibration,laion-10m,500,anchor_profile,0.9751992187499999,76.63932291666667,32,192,192,192,192,318381.3151041667,133479.5,794239.7,812633.0499999999,832626.6,863581
calibration,laion-10m,500,legacy,1,2440.2044270833335,2441,2441,2441,2441,2441,9996744.414388021,10000000,10000000,10000000,10000000,10000000
calibration,laion-10m,750,anchor_buckets,0.9760585937499999,94.55826822916667,36,248,248,248,248,392971.5071614583,158075.5,1023104,1046379.5,1070447.35,1099807
calibration,laion-10m,750,single_bucket,0.9760585937499999,94.55826822916667,36,248,248,248,248,392971.5071614583,158075.5,1023104,1046379.5,1070447.35,1099807
calibration,laion-10m,750,legacy,1,2440.2044270833335,2441,2441,2441,2441,2441,9996744.414388021,10000000,10000000,10000000,10000000,10000000
calibration,laion-10m,1000,anchor_buckets,0.9720709635416668,94.55826822916667,36,248,248,248,248,392971.5071614583,158075.5,1023104,1046379.5,1070447.35,1099807
calibration,laion-10m,1000,single_bucket,0.9720709635416668,94.55826822916667,36,248,248,248,248,392971.5071614583,158075.5,1023104,1046379.5,1070447.35,1099807
calibration,laion-10m,1000,anchor_profile,0.9720709635416668,94.55826822916667,36,248,248,248,248,392971.5071614583,158075.5,1023104,1046379.5,1070447.35,1099807
calibration,laion-10m,1000,legacy,1,2440.2044270833335,2441,2441,2441,2441,2441,9996744.414388021,10000000,10000000,10000000,10000000,10000000
calibration,laion-10m,2000,anchor_buckets,0.95890234375,94.55826822916667,36,248,248,248,248,392971.5071614583,158075.5,1023104,1046379.5,1070447.35,1099807
calibration,laion-10m,2000,single_bucket,0.95890234375,94.55826822916667,36,248,248,248,248,392971.5071614583,158075.5,1023104,1046379.5,1070447.35,1099807
calibration,laion-10m,2000,anchor_profile,0.9708693033854168,121.18684895833333,60,271,271,271,271,503453.4339192708,249557,1132406.5,1151337.25,1174623.67,1201726
calibration,laion-10m,2000,legacy,1,2440.2044270833335,2441,2441,2441,2441,2441,9996744.414388021,10000000,10000000,10000000,10000000,10000000
calibration,laion-10m,5000,anchor_buckets,0.9284632161458334,94.55826822916667,36,248,248,248,248,392971.5071614583,158075.5,1023104,1046379.5,1070447.35,1099807
calibration,laion-10m,5000,single_bucket,0.9284632161458334,94.55826822916667,36,248,248,248,248,392971.5071614583,158075.5,1023104,1046379.5,1070447.35,1099807
calibration,laion-10m,5000,anchor_profile,0.9670012369791667,172.541015625,96.5,355,355,355,355,717124.1728515625,396760,1489198.6,1507104.0999999999,1531335.85,1563030
calibration,laion-10m,5000,legacy,0.9998227213541666,2440.2044270833335,2441,2441,2441,2441,2441,9996744.414388021,10000000,10000000,10000000,10000000,10000000
calibration,fineweb-10m,100,existing,0.950828125,65.8471875,71,106,106,106,106,268599.3953125,289090,440325.2,448189.94999999995,459734.52999999997,473795
calibration,fineweb-10m,101,anchor_buckets,0.9663923267326733,95.240625,98,156,156,156,156,388009.6625,398941.5,645706.2,655222.1,667505.96,685472
calibration,fineweb-10m,101,single_bucket,0.9799690594059406,153.0640625,159,248,248,248,248,623187.851875,650915.5,1022793.1,1033879.3999999999,1052293.41,1075443
calibration,fineweb-10m,101,legacy,1,2441,2441,2441,2441,2441,2441,10000000,10000000,10000000,10000000,10000000,10000000
calibration,fineweb-10m,150,anchor_buckets,0.9628479166666668,95.240625,98,156,156,156,156,388009.6625,398941.5,645706.2,655222.1,667505.96,685472
calibration,fineweb-10m,150,single_bucket,0.9776145833333334,153.0640625,159,248,248,248,248,623187.851875,650915.5,1022793.1,1033879.3999999999,1052293.41,1075443
calibration,fineweb-10m,150,legacy,1,2441,2441,2441,2441,2441,2441,10000000,10000000,10000000,10000000,10000000,10000000
calibration,fineweb-10m,200,anchor_buckets,0.9600312500000001,95.240625,98,156,156,156,156,388009.6625,398941.5,645706.2,655222.1,667505.96,685472
calibration,fineweb-10m,200,single_bucket,0.9756859374999999,153.0640625,159,248,248,248,248,623187.851875,650915.5,1022793.1,1033879.3999999999,1052293.41,1075443
calibration,fineweb-10m,200,anchor_profile,0.9600312500000001,95.240625,98,156,156,156,156,388009.6625,398941.5,645706.2,655222.1,667505.96,685472
calibration,fineweb-10m,200,legacy,1,2441,2441,2441,2441,2441,2441,10000000,10000000,10000000,10000000,10000000,10000000
calibration,fineweb-10m,300,anchor_buckets,0.9654072916666666,122.1246875,133,192,192,192,192,497275.0940625,541299.5,794726.2,804314.15,817700.85,841790
calibration,fineweb-10m,300,single_bucket,0.9726614583333334,153.0640625,159,248,248,248,248,623187.851875,650915.5,1022793.1,1033879.3999999999,1052293.41,1075443
calibration,fineweb-10m,300,legacy,1,2441,2441,2441,2441,2441,2441,10000000,10000000,10000000,10000000,10000000,10000000
calibration,fineweb-10m,400,anchor_buckets,0.9626187500000001,122.1246875,133,192,192,192,192,497275.0940625,541299.5,794726.2,804314.15,817700.85,841790
calibration,fineweb-10m,400,single_bucket,0.9703546875000001,153.0640625,159,248,248,248,248,623187.851875,650915.5,1022793.1,1033879.3999999999,1052293.41,1075443
calibration,fineweb-10m,400,legacy,1,2441,2441,2441,2441,2441,2441,10000000,10000000,10000000,10000000,10000000,10000000
calibration,fineweb-10m,500,anchor_buckets,0.9600068749999999,122.1246875,133,192,192,192,192,497275.0940625,541299.5,794726.2,804314.15,817700.85,841790
calibration,fineweb-10m,500,single_bucket,0.9681675,153.0640625,159,248,248,248,248,623187.851875,650915.5,1022793.1,1033879.3999999999,1052293.41,1075443
calibration,fineweb-10m,500,anchor_profile,0.9600068749999999,122.1246875,133,192,192,192,192,497275.0940625,541299.5,794726.2,804314.15,817700.85,841790
calibration,fineweb-10m,500,legacy,1,2441,2441,2441,2441,2441,2441,10000000,10000000,10000000,10000000,10000000,10000000
calibration,fineweb-10m,750,anchor_buckets,0.9638325000000001,153.0640625,159,248,248,248,248,623187.851875,650915.5,1022793.1,1033879.3999999999,1052293.41,1075443
calibration,fineweb-10m,750,single_bucket,0.9638325000000001,153.0640625,159,248,248,248,248,623187.851875,650915.5,1022793.1,1033879.3999999999,1052293.41,1075443
calibration,fineweb-10m,750,legacy,1,2441,2441,2441,2441,2441,2441,10000000,10000000,10000000,10000000,10000000,10000000
calibration,fineweb-10m,1000,anchor_buckets,0.9600009375,153.0640625,159,248,248,248,248,623187.851875,650915.5,1022793.1,1033879.3999999999,1052293.41,1075443
calibration,fineweb-10m,1000,single_bucket,0.9600009375,153.0640625,159,248,248,248,248,623187.851875,650915.5,1022793.1,1033879.3999999999,1052293.41,1075443
calibration,fineweb-10m,1000,anchor_profile,0.9600009375,153.0640625,159,248,248,248,248,623187.851875,650915.5,1022793.1,1033879.3999999999,1052293.41,1075443
calibration,fineweb-10m,1000,legacy,1,2441,2441,2441,2441,2441,2441,10000000,10000000,10000000,10000000,10000000,10000000
calibration,fineweb-10m,2000,anchor_buckets,0.9482821874999999,153.0640625,159,248,248,248,248,623187.851875,650915.5,1022793.1,1033879.3999999999,1052293.41,1075443
calibration,fineweb-10m,2000,single_bucket,0.9482821874999999,153.0640625,159,248,248,248,248,623187.851875,650915.5,1022793.1,1033879.3999999999,1052293.41,1075443
calibration,fineweb-10m,2000,anchor_profile,0.9600104687499998,194.17125,271,271,271,271,271,790657.1709375,1066545.5,1123664.9,1132710.6,1148784.88,1172043
calibration,fineweb-10m,2000,legacy,1,2441,2441,2441,2441,2441,2441,10000000,10000000,10000000,10000000,10000000,10000000
calibration,fineweb-10m,5000,anchor_buckets,0.9240306875000001,153.0640625,159,248,248,248,248,623187.851875,650915.5,1022793.1,1033879.3999999999,1052293.41,1075443
calibration,fineweb-10m,5000,single_bucket,0.9240306875000001,153.0640625,159,248,248,248,248,623187.851875,650915.5,1022793.1,1033879.3999999999,1052293.41,1075443
calibration,fineweb-10m,5000,anchor_profile,0.9600004375000001,271.4021875,355,355,355,355,355,1105597.486875,1419142,1471965.7,1482925,1500830.0899999999,1523695
calibration,fineweb-10m,5000,legacy,1,2441,2441,2441,2441,2441,2441,10000000,10000000,10000000,10000000,10000000,10000000
calibration,wiki-cohere-35m,100,existing,0.957728,444.146,371,768,768,768,768,1951499.2448,1606276,3442871.1,3484911.35,3557813.9599999995,3620859
calibration,wiki-cohere-35m,101,anchor_buckets,0.9640198019801981,534.0592,517,833,833,833,833,2346534.4908,2256946.5,3746462.1,3787542.45,3853233.3499999996,3910537
calibration,wiki-cohere-35m,101,single_bucket,0.9732316831683169,716.2228,718,1092,1092,1092,1092,3150874.9664,3132977,4910217.9,4958403.85,5034878,5106223
calibration,wiki-cohere-35m,101,legacy,1,8545,8545,8545,8545,8545,8545,35000000,35000000,35000000,35000000,35000000,35000000
calibration,wiki-cohere-35m,150,anchor_buckets,0.9616106666666666,534.0592,517,833,833,833,833,2346534.4908,2256946.5,3746462.1,3787542.45,3853233.3499999996,3910537
calibration,wiki-cohere-35m,150,single_bucket,0.9714933333333332,716.2228,718,1092,1092,1092,1092,3150874.9664,3132977,4910217.9,4958403.85,5034878,5106223
calibration,wiki-cohere-35m,150,legacy,1,8545,8545,8545,8545,8545,8545,35000000,35000000,35000000,35000000,35000000,35000000
calibration,wiki-cohere-35m,200,anchor_buckets,0.9600139999999999,534.0592,517,833,833,833,833,2346534.4908,2256946.5,3746462.1,3787542.45,3853233.3499999996,3910537
calibration,wiki-cohere-35m,200,single_bucket,0.970148,716.2228,718,1092,1092,1092,1092,3150874.9664,3132977,4910217.9,4958403.85,5034878,5106223
calibration,wiki-cohere-35m,200,anchor_profile,0.9600139999999999,534.0592,517,833,833,833,833,2346534.4908,2256946.5,3746462.1,3787542.45,3853233.3499999996,3910537
calibration,wiki-cohere-35m,200,legacy,1,8545,8545,8545,8545,8545,8545,35000000,35000000,35000000,35000000,35000000,35000000
calibration,wiki-cohere-35m,300,anchor_buckets,0.9634586666666666,625.2524,610.5,971,971,971,971,2749316.2944,2662949,4367867.4,4411162.449999999,4482103.159999999,4555100
calibration,wiki-cohere-35m,300,single_bucket,0.9680973333333334,716.2228,718,1092,1092,1092,1092,3150874.9664,3132977,4910217.9,4958403.85,5034878,5106223
calibration,wiki-cohere-35m,300,legacy,1,8545,8545,8545,8545,8545,8545,35000000,35000000,35000000,35000000,35000000,35000000
calibration,wiki-cohere-35m,400,anchor_buckets,0.961512,625.2524,610.5,971,971,971,971,2749316.2944,2662949,4367867.4,4411162.449999999,4482103.159999999,4555100
calibration,wiki-cohere-35m,400,single_bucket,0.966425,716.2228,718,1092,1092,1092,1092,3150874.9664,3132977,4910217.9,4958403.85,5034878,5106223
calibration,wiki-cohere-35m,400,legacy,1,8545,8545,8545,8545,8545,8545,35000000,35000000,35000000,35000000,35000000,35000000
calibration,wiki-cohere-35m,500,anchor_buckets,0.9600168000000001,625.2524,610.5,971,971,971,971,2749316.2944,2662949,4367867.4,4411162.449999999,4482103.159999999,4555100
calibration,wiki-cohere-35m,500,single_bucket,0.9651263999999999,716.2228,718,1092,1092,1092,1092,3150874.9664,3132977,4910217.9,4958403.85,5034878,5106223
calibration,wiki-cohere-35m,500,anchor_profile,0.9600168000000001,625.2524,610.5,971,971,971,971,2749316.2944,2662949,4367867.4,4411162.449999999,4482103.159999999,4555100
calibration,wiki-cohere-35m,500,legacy,1,8545,8545,8545,8545,8545,8545,35000000,35000000,35000000,35000000,35000000,35000000
calibration,wiki-cohere-35m,750,anchor_buckets,0.9624442666666666,716.2228,718,1092,1092,1092,1092,3150874.9664,3132977,4910217.9,4958403.85,5034878,5106223
calibration,wiki-cohere-35m,750,single_bucket,0.9624442666666666,716.2228,718,1092,1092,1092,1092,3150874.9664,3132977,4910217.9,4958403.85,5034878,5106223
calibration,wiki-cohere-35m,750,legacy,1,8545,8545,8545,8545,8545,8545,35000000,35000000,35000000,35000000,35000000,35000000
calibration,wiki-cohere-35m,1000,anchor_buckets,0.9602436,716.2228,718,1092,1092,1092,1092,3150874.9664,3132977,4910217.9,4958403.85,5034878,5106223
calibration,wiki-cohere-35m,1000,single_bucket,0.9602436,716.2228,718,1092,1092,1092,1092,3150874.9664,3132977,4910217.9,4958403.85,5034878,5106223
calibration,wiki-cohere-35m,1000,anchor_profile,0.9602436,716.2228,718,1092,1092,1092,1092,3150874.9664,3132977,4910217.9,4958403.85,5034878,5106223
calibration,wiki-cohere-35m,1000,legacy,1,8545,8545,8545,8545,8545,8545,35000000,35000000,35000000,35000000,35000000,35000000
calibration,wiki-cohere-35m,2000,anchor_buckets,0.9536164,716.2228,718,1092,1092,1092,1092,3150874.9664,3132977,4910217.9,4958403.85,5034878,5106223
calibration,wiki-cohere-35m,2000,single_bucket,0.9536164,716.2228,718,1092,1092,1092,1092,3150874.9664,3132977,4910217.9,4958403.85,5034878,5106223
calibration,wiki-cohere-35m,2000,anchor_profile,0.9600806000000001,830.8132,844,1255,1255,1255,1255,3656560.5288,3686788,5638908.6,5691360.149999999,5768726.06,5880751
calibration,wiki-cohere-35m,2000,legacy,1,8545,8545,8545,8545,8545,8545,35000000,35000000,35000000,35000000,35000000,35000000
calibration,wiki-cohere-35m,5000,anchor_buckets,0.9409328000000001,716.2228,718,1092,1092,1092,1092,3150874.9664,3132977,4910217.9,4958403.85,5034878,5106223
calibration,wiki-cohere-35m,5000,single_bucket,0.9409328000000001,716.2228,718,1092,1092,1092,1092,3150874.9664,3132977,4910217.9,4958403.85,5034878,5106223
calibration,wiki-cohere-35m,5000,anchor_profile,0.9600415200000001,1039.9488,1329.5,1374,1374,1374,1374,4578037.6492,5799553.5,6184981.3,6234394.5,6307620.02,6404131
calibration,wiki-cohere-35m,5000,legacy,1,8545,8545,8545,8545,8545,8545,35000000,35000000,35000000,35000000,35000000,35000000
calibration,dpr-wikipedia-single-nq,100,existing,0.9624930747922439,200,200,200,200,200,200,794303.8382271468,793162,826449,834732,849067.68,858869
calibration,dpr-wikipedia-single-nq,101,anchor_buckets,0.9647788047502812,211,211,211,211,211,211,838350.4509695291,836826,871476,880007,895491.08,908224
calibration,dpr-wikipedia-single-nq,101,single_bucket,0.9746633389100684,279,279,279,279,279,279,1110900.0349030471,1107893,1151417,1163661,1183799.72,1198168
calibration,dpr-wikipedia-single-nq,101,legacy,0.2547434244809523,1,1,1,1,1,1,4029.065373961219,3967,5188.000000000001,5506,6894.720000000003,9545
calibration,dpr-wikipedia-single-nq,150,anchor_buckets,0.9621163434903046,211,211,211,211,211,211,838350.4509695291,836826,871476,880007,895491.08,908224
calibration,dpr-wikipedia-single-nq,150,single_bucket,0.9725429362880886,279,279,279,279,279,279,1110900.0349030471,1107893,1151417,1163661,1183799.72,1198168
calibration,dpr-wikipedia-single-nq,150,legacy,0.24510433979686055,1,1,1,1,1,1,4029.065373961219,3967,5188.000000000001,5506,6894.720000000003,9545
calibration,dpr-wikipedia-single-nq,200,anchor_buckets,0.9604515235457063,211,211,211,211,211,211,838350.4509695291,836826,871476,880007,895491.08,908224
calibration,dpr-wikipedia-single-nq,200,single_bucket,0.971213296398892,279,279,279,279,279,279,1110900.0349030471,1107893,1151417,1163661,1183799.72,1198168
calibration,dpr-wikipedia-single-nq,200,anchor_profile,0.9604515235457063,211,211,211,211,211,211,838350.4509695291,836826,871476,880007,895491.08,908224
calibration,dpr-wikipedia-single-nq,200,legacy,0.23792520775623272,1,1,1,1,1,1,4029.065373961219,3967,5188.000000000001,5506,6894.720000000003,9545
calibration,dpr-wikipedia-single-nq,300,anchor_buckets,0.9636103416435826,244,244,244,244,244,244,970558.020498615,968135,1007764.8,1018648.2,1035453.92,1050839
calibration,dpr-wikipedia-single-nq,300,single_bucket,0.9689824561403508,279,279,279,279,279,279,1110900.0349030471,1107893,1151417,1163661,1183799.72,1198168
calibration,dpr-wikipedia-single-nq,300,legacy,0.22640073868882732,1,1,1,1,1,1,4029.065373961219,3967,5188.000000000001,5506,6894.720000000003,9545
calibration,dpr-wikipedia-single-nq,400,anchor_buckets,0.9617340720221607,244,244,244,244,244,244,970558.020498615,968135,1007764.8,1018648.2,1035453.92,1050839
calibration,dpr-wikipedia-single-nq,400,single_bucket,0.9672714681440444,279,279,279,279,279,279,1110900.0349030471,1107893,1151417,1163661,1183799.72,1198168
calibration,dpr-wikipedia-single-nq,400,legacy,0.2177409972299169,1,1,1,1,1,1,4029.065373961219,3967,5188.000000000001,5506,6894.720000000003,9545
calibration,dpr-wikipedia-single-nq,500,anchor_buckets,0.9600897506925208,244,244,244,244,244,244,970558.020498615,968135,1007764.8,1018648.2,1035453.92,1050839
calibration,dpr-wikipedia-single-nq,500,single_bucket,0.9658703601108034,279,279,279,279,279,279,1110900.0349030471,1107893,1151417,1163661,1183799.72,1198168
calibration,dpr-wikipedia-single-nq,500,anchor_profile,0.9600897506925208,244,244,244,244,244,244,970558.020498615,968135,1007764.8,1018648.2,1035453.92,1050839
calibration,dpr-wikipedia-single-nq,500,legacy,0.21081440443213295,1,1,1,1,1,1,4029.065373961219,3967,5188.000000000001,5506,6894.720000000003,9545
calibration,dpr-wikipedia-single-nq,750,anchor_buckets,0.962832132963989,279,279,279,279,279,279,1110900.0349030471,1107893,1151417,1163661,1183799.72,1198168
calibration,dpr-wikipedia-single-nq,750,single_bucket,0.962832132963989,279,279,279,279,279,279,1110900.0349030471,1107893,1151417,1163661,1183799.72,1198168
calibration,dpr-wikipedia-single-nq,750,legacy,0.19786001846722068,1,1,1,1,1,1,4029.065373961219,3967,5188.000000000001,5506,6894.720000000003,9545
calibration,dpr-wikipedia-single-nq,1000,anchor_buckets,0.9602299168975069,279,279,279,279,279,279,1110900.0349030471,1107893,1151417,1163661,1183799.72,1198168
calibration,dpr-wikipedia-single-nq,1000,single_bucket,0.9602299168975069,279,279,279,279,279,279,1110900.0349030471,1107893,1151417,1163661,1183799.72,1198168
calibration,dpr-wikipedia-single-nq,1000,anchor_profile,0.9602299168975069,279,279,279,279,279,279,1110900.0349030471,1107893,1151417,1163661,1183799.72,1198168
calibration,dpr-wikipedia-single-nq,1000,legacy,0.1879656509695291,1,1,1,1,1,1,4029.065373961219,3967,5188.000000000001,5506,6894.720000000003,9545
calibration,dpr-wikipedia-single-nq,2000,anchor_buckets,0.952696675900277,279,279,279,279,279,279,1110900.0349030471,1107893,1151417,1163661,1183799.72,1198168
calibration,dpr-wikipedia-single-nq,2000,single_bucket,0.952696675900277,279,279,279,279,279,279,1110900.0349030471,1107893,1151417,1163661,1183799.72,1198168
calibration,dpr-wikipedia-single-nq,2000,anchor_profile,0.9602468144044322,326,326,326,326,326,326,1299868.556232687,1296546,1344737.2,1360071.6,1380554.56,1392708
calibration,dpr-wikipedia-single-nq,2000,legacy,0.1626185595567867,1,1,1,1,1,1,4029.065373961219,3967,5188.000000000001,5506,6894.720000000003,9545
calibration,dpr-wikipedia-single-nq,5000,anchor_buckets,0.9376226038781165,279,279,279,279,279,279,1110900.0349030471,1107893,1151417,1163661,1183799.72,1198168
calibration,dpr-wikipedia-single-nq,5000,single_bucket,0.9376226038781165,279,279,279,279,279,279,1110900.0349030471,1107893,1151417,1163661,1183799.72,1198168
calibration,dpr-wikipedia-single-nq,5000,anchor_profile,0.9604630470914127,418,418,418,418,418,418,1670316.0914127424,1666325,1722966.8,1740461.4,1761917.4,1777301
calibration,dpr-wikipedia-single-nq,5000,legacy,0.12570171745152353,1,1,1,1,1,1,4029.065373961219,3967,5188.000000000001,5506,6894.720000000003,9545
evaluation,dino-10m,100,existing,0.9530924479166667,21.331380208333332,14,38,38,38,38,89855.294921875,59897.5,162447.7,168279.15,178870.88999999998,194482
evaluation,dino-10m,101,anchor_buckets,0.9696943327145214,30.820963541666668,20,56,56,56,56,129463.3154296875,84199,238134,245973.6,259115.38,272472
evaluation,dino-10m,101,single_bucket,0.9846779599834985,50.856119791666664,29,93,93,93,93,213066.29231770834,131807.5,393535.7,403688.35,420432.26999999996,438356
evaluation,dino-10m,101,legacy,1,2441,2441,2441,2441,2441,2441,10000000,10000000,10000000,10000000,10000000,10000000
evaluation,dino-10m,150,anchor_buckets,0.9655685763888889,30.820963541666668,20,56,56,56,56,129463.3154296875,84199,238134,245973.6,259115.38,272472
evaluation,dino-10m,150,single_bucket,0.9823242187500001,50.856119791666664,29,93,93,93,93,213066.29231770834,131807.5,393535.7,403688.35,420432.26999999996,438356
evaluation,dino-10m,150,legacy,1,2441,2441,2441,2441,2441,2441,10000000,10000000,10000000,10000000,10000000,10000000
evaluation,dino-10m,200,anchor_buckets,0.9621858723958333,30.820963541666668,20,56,56,56,56,129463.3154296875,84199,238134,245973.6,259115.38,272472
evaluation,dino-10m,200,single_bucket,0.9802587890624999,50.856119791666664,29,93,93,93,93,213066.29231770834,131807.5,393535.7,403688.35,420432.26999999996,438356
evaluation,dino-10m,200,anchor_profile,0.9621858723958333,30.820963541666668,20,56,56,56,56,129463.3154296875,84199,238134,245973.6,259115.38,272472
evaluation,dino-10m,200,legacy,1,2441,2441,2441,2441,2441,2441,10000000,10000000,10000000,10000000,10000000,10000000
evaluation,dino-10m,300,anchor_buckets,0.9686078559027779,39.819986979166664,22,81,81,81,81,167090.89322916666,99621,340563.7,350935.39999999997,368738.22,386229
evaluation,dino-10m,300,single_bucket,0.9769813368055557,50.856119791666664,29,93,93,93,93,213066.29231770834,131807.5,393535.7,403688.35,420432.26999999996,438356
evaluation,dino-10m,300,legacy,1,2441,2441,2441,2441,2441,2441,10000000,10000000,10000000,10000000,10000000,10000000
evaluation,dino-10m,400,anchor_buckets,0.9648120117187501,39.819986979166664,22,81,81,81,81,167090.89322916666,99621,340563.7,350935.39999999997,368738.22,386229
evaluation,dino-10m,400,single_bucket,0.9741495768229167,50.856119791666664,29,93,93,93,93,213066.29231770834,131807.5,393535.7,403688.35,420432.26999999996,438356
evaluation,dino-10m,400,legacy,1,2441,2441,2441,2441,2441,2441,10000000,10000000,10000000,10000000,10000000,10000000
evaluation,dino-10m,500,anchor_buckets,0.9613528645833332,39.819986979166664,22,81,81,81,81,167090.89322916666,99621,340563.7,350935.39999999997,368738.22,386229
evaluation,dino-10m,500,single_bucket,0.9714361979166665,50.856119791666664,29,93,93,93,93,213066.29231770834,131807.5,393535.7,403688.35,420432.26999999996,438356
evaluation,dino-10m,500,anchor_profile,0.9613528645833332,39.819986979166664,22,81,81,81,81,167090.89322916666,99621,340563.7,350935.39999999997,368738.22,386229
evaluation,dino-10m,500,legacy,1,2441,2441,2441,2441,2441,2441,10000000,10000000,10000000,10000000,10000000,10000000
evaluation,dino-10m,750,anchor_buckets,0.9659023437500002,50.856119791666664,29,93,93,93,93,213066.29231770834,131807.5,393535.7,403688.35,420432.26999999996,438356
evaluation,dino-10m,750,single_bucket,0.9659023437500002,50.856119791666664,29,93,93,93,93,213066.29231770834,131807.5,393535.7,403688.35,420432.26999999996,438356
evaluation,dino-10m,750,legacy,1,2441,2441,2441,2441,2441,2441,10000000,10000000,10000000,10000000,10000000,10000000
evaluation,dino-10m,1000,anchor_buckets,0.9611575520833333,50.856119791666664,29,93,93,93,93,213066.29231770834,131807.5,393535.7,403688.35,420432.26999999996,438356
evaluation,dino-10m,1000,single_bucket,0.9611575520833333,50.856119791666664,29,93,93,93,93,213066.29231770834,131807.5,393535.7,403688.35,420432.26999999996,438356
evaluation,dino-10m,1000,anchor_profile,0.9611575520833333,50.856119791666664,29,93,93,93,93,213066.29231770834,131807.5,393535.7,403688.35,420432.26999999996,438356
evaluation,dino-10m,1000,legacy,1,2441,2441,2441,2441,2441,2441,10000000,10000000,10000000,10000000,10000000,10000000
evaluation,dino-10m,2000,anchor_buckets,0.9458876953124999,50.856119791666664,29,93,93,93,93,213066.29231770834,131807.5,393535.7,403688.35,420432.26999999996,438356
evaluation,dino-10m,2000,single_bucket,0.9458876953124999,50.856119791666664,29,93,93,93,93,213066.29231770834,131807.5,393535.7,403688.35,420432.26999999996,438356
evaluation,dino-10m,2000,anchor_profile,0.9607661132812501,67.1103515625,42,113,113,113,113,280785.8056640625,187017,479685.7,490781.7,508805.26999999996,525847
evaluation,dino-10m,2000,legacy,1,2441,2441,2441,2441,2441,2441,10000000,10000000,10000000,10000000,10000000,10000000
evaluation,dino-10m,5000,anchor_buckets,0.9122869140625,50.856119791666664,29,93,93,93,93,213066.29231770834,131807.5,393535.7,403688.35,420432.26999999996,438356
evaluation,dino-10m,5000,single_bucket,0.9122869140625,50.856119791666664,29,93,93,93,93,213066.29231770834,131807.5,393535.7,403688.35,420432.26999999996,438356
evaluation,dino-10m,5000,anchor_profile,0.95991171875,103.97200520833333,66,162,162,162,162,434237.0325520833,297079,689631.6,700785,718257.87,734147
evaluation,dino-10m,5000,legacy,1,2441,2441,2441,2441,2441,2441,10000000,10000000,10000000,10000000,10000000,10000000
evaluation,laion-10m,100,existing,0.9660052134245682,39.00619094167481,19,106,106,106,106,162308.66080156402,79491,436735.8,449940.6,465272.92000000004,482448
evaluation,laion-10m,101,anchor_buckets,0.9804238488364965,57.86608015640274,25,156,156,156,156,240518.1541218638,102293,639979.8,659490.7999999999,678453.04,698312
evaluation,laion-10m,101,single_bucket,0.9901119144172482,93.90974258716194,35,248,248,248,248,390128.559791463,156778,1020400.6,1045978.4,1068578.56,1090179
evaluation,laion-10m,101,legacy,1,2440.20495275334,2441,2441,2441,2441,2441,9996742.049853373,10000000,10000000,10000000,10000000,10000000
evaluation,laion-10m,150,anchor_buckets,0.9772086455957424,57.86608015640274,25,156,156,156,156,240518.1541218638,102293,639979.8,659490.7999999999,678453.04,698312
evaluation,laion-10m,150,single_bucket,0.9882741392418811,93.90974258716194,35,248,248,248,248,390128.559791463,156778,1020400.6,1045978.4,1068578.56,1090179
evaluation,laion-10m,150,legacy,1,2440.20495275334,2441,2441,2441,2441,2441,9996742.049853373,10000000,10000000,10000000,10000000,10000000
evaluation,laion-10m,200,anchor_buckets,0.9742114695340501,57.86608015640274,25,156,156,156,156,240518.1541218638,102293,639979.8,659490.7999999999,678453.04,698312
evaluation,laion-10m,200,single_bucket,0.9865721733463669,93.90974258716194,35,248,248,248,248,390128.559791463,156778,1020400.6,1045978.4,1068578.56,1090179
evaluation,laion-10m,200,anchor_profile,0.9742114695340501,57.86608015640274,25,156,156,156,156,240518.1541218638,102293,639979.8,659490.7999999999,678453.04,698312
evaluation,laion-10m,200,legacy,1,2440.20495275334,2441,2441,2441,2441,2441,9996742.049853373,10000000,10000000,10000000,10000000,10000000
evaluation,laion-10m,300,anchor_buckets,0.9787216248506572,76.23721081785598,31,192,192,192,192,316718.33822091884,132777,790854.8,810695,832973.4400000001,849148
evaluation,laion-10m,300,single_bucket,0.9835907461713913,93.90974258716194,35,248,248,248,248,390128.559791463,156778,1020400.6,1045978.4,1068578.56,1090179
evaluation,laion-10m,300,legacy,1,2440.20495275334,2441,2441,2441,2441,2441,9996742.049853373,10000000,10000000,10000000,10000000,10000000
evaluation,laion-10m,400,anchor_buckets,0.9757795698924732,76.23721081785598,31,192,192,192,192,316718.33822091884,132777,790854.8,810695,832973.4400000001,849148
evaluation,laion-10m,400,single_bucket,0.9813163897034864,93.90974258716194,35,248,248,248,248,390128.559791463,156778,1020400.6,1045978.4,1068578.56,1090179
evaluation,laion-10m,400,legacy,1,2440.20495275334,2441,2441,2441,2441,2441,9996742.049853373,10000000,10000000,10000000,10000000,10000000
evaluation,laion-10m,500,anchor_buckets,0.9732147279244053,76.23721081785598,31,192,192,192,192,316718.33822091884,132777,790854.8,810695,832973.4400000001,849148
evaluation,laion-10m,500,single_bucket,0.9792903225806452,93.90974258716194,35,248,248,248,248,390128.559791463,156778,1020400.6,1045978.4,1068578.56,1090179
evaluation,laion-10m,500,anchor_profile,0.9732147279244053,76.23721081785598,31,192,192,192,192,316718.33822091884,132777,790854.8,810695,832973.4400000001,849148
evaluation,laion-10m,500,legacy,1,2440.20495275334,2441,2441,2441,2441,2441,9996742.049853373,10000000,10000000,10000000,10000000,10000000
evaluation,laion-10m,750,anchor_buckets,0.9746301726946889,93.90974258716194,35,248,248,248,248,390128.559791463,156778,1020400.6,1045978.4,1068578.56,1090179
evaluation,laion-10m,750,single_bucket,0.9746301726946889,93.90974258716194,35,248,248,248,248,390128.559791463,156778,1020400.6,1045978.4,1068578.56,1090179
evaluation,laion-10m,750,legacy,1,2440.20495275334,2441,2441,2441,2441,2441,9996742.049853373,10000000,10000000,10000000,10000000,10000000
evaluation,laion-10m,1000,anchor_buckets,0.9707315086347345,93.90974258716194,35,248,248,248,248,390128.559791463,156778,1020400.6,1045978.4,1068578.56,1090179
evaluation,laion-10m,1000,single_bucket,0.9707315086347345,93.90974258716194,35,248,248,248,248,390128.559791463,156778,1020400.6,1045978.4,1068578.56,1090179
evaluation,laion-10m,1000,anchor_profile,0.9707315086347345,93.90974258716194,35,248,248,248,248,390128.559791463,156778,1020400.6,1045978.4,1068578.56,1090179
evaluation,laion-10m,1000,legacy,1,2440.20495275334,2441,2441,2441,2441,2441,9996742.049853373,10000000,10000000,10000000,10000000,10000000
evaluation,laion-10m,2000,anchor_buckets,0.957547898338221,93.90974258716194,35,248,248,248,248,390128.559791463,156778,1020400.6,1045978.4,1068578.56,1090179
evaluation,laion-10m,2000,single_bucket,0.957547898338221,93.90974258716194,35,248,248,248,248,390128.559791463,156778,1020400.6,1045978.4,1068578.56,1090179
evaluation,laion-10m,2000,anchor_profile,0.9690086347344411,121.80417073965461,58,271,271,271,271,506013.36754643207,240285,1131745.6,1150055.6,1172165,1203013
evaluation,laion-10m,2000,legacy,0.999894265232975,2440.20495275334,2441,2441,2441,2441,2441,9996742.049853373,10000000,10000000,10000000,10000000,10000000
evaluation,laion-10m,5000,anchor_buckets,0.9271891169762138,93.90974258716194,35,248,248,248,248,390128.559791463,156778,1020400.6,1045978.4,1068578.56,1090179
evaluation,laion-10m,5000,single_bucket,0.9271891169762138,93.90974258716194,35,248,248,248,248,390128.559791463,156778,1020400.6,1045978.4,1068578.56,1090179
evaluation,laion-10m,5000,anchor_profile,0.9656638644509613,174.0039100684262,92,355,355,355,355,723062.4151189312,383342,1489479.2,1507671.2,1532803.6400000001,1560355
evaluation,laion-10m,5000,legacy,0.9997622026718801,2440.20495275334,2441,2441,2441,2441,2441,9996742.049853373,10000000,10000000,10000000,10000000,10000000
evaluation,fineweb-10m,100,existing,0.9498062500000001,67.2634375,76,106,106,106,106,274267.64,313582.5,440492.3,448738.35,461093.00999999995,480738
evaluation,fineweb-10m,101,anchor_buckets,0.9653589108910892,97.3621875,104,156,156,156,156,396550.6259375,426787,644403,654373.4,668626.6699999999,690352
evaluation,fineweb-10m,101,single_bucket,0.9786169554455446,156.583125,171,248,248,248,248,637441.4025,695997.5,1023015.6,1034172.6,1052764.8,1069318
evaluation,fineweb-10m,101,legacy,1,2441,2441,2441,2441,2441,2441,10000000,10000000,10000000,10000000,10000000,10000000
evaluation,fineweb-10m,150,anchor_buckets,0.9620416666666667,97.3621875,104,156,156,156,156,396550.6259375,426787,644403,654373.4,668626.6699999999,690352
evaluation,fineweb-10m,150,single_bucket,0.9766062500000001,156.583125,171,248,248,248,248,637441.4025,695997.5,1023015.6,1034172.6,1052764.8,1069318
evaluation,fineweb-10m,150,legacy,1,2441,2441,2441,2441,2441,2441,10000000,10000000,10000000,10000000,10000000,10000000
evaluation,fineweb-10m,200,anchor_buckets,0.9591015625,97.3621875,104,156,156,156,156,396550.6259375,426787,644403,654373.4,668626.6699999999,690352
evaluation,fineweb-10m,200,single_bucket,0.974615625,156.583125,171,248,248,248,248,637441.4025,695997.5,1023015.6,1034172.6,1052764.8,1069318
evaluation,fineweb-10m,200,anchor_profile,0.9591015625,97.3621875,104,156,156,156,156,396550.6259375,426787,644403,654373.4,668626.6699999999,690352
evaluation,fineweb-10m,200,legacy,1,2441,2441,2441,2441,2441,2441,10000000,10000000,10000000,10000000,10000000,10000000
evaluation,fineweb-10m,300,anchor_buckets,0.96456875,124.7903125,144,192,192,192,192,507809.749375,590398.5,793866.4,804305.1,819365.28,837527
evaluation,fineweb-10m,300,single_bucket,0.9719208333333333,156.583125,171,248,248,248,248,637441.4025,695997.5,1023015.6,1034172.6,1052764.8,1069318
evaluation,fineweb-10m,300,legacy,1,2441,2441,2441,2441,2441,2441,10000000,10000000,10000000,10000000,10000000,10000000
evaluation,fineweb-10m,400,anchor_buckets,0.9619,124.7903125,144,192,192,192,192,507809.749375,590398.5,793866.4,804305.1,819365.28,837527
evaluation,fineweb-10m,400,single_bucket,0.969796875,156.583125,171,248,248,248,248,637441.4025,695997.5,1023015.6,1034172.6,1052764.8,1069318
evaluation,fineweb-10m,400,legacy,1,2441,2441,2441,2441,2441,2441,10000000,10000000,10000000,10000000,10000000,10000000
evaluation,fineweb-10m,500,anchor_buckets,0.9596049999999999,124.7903125,144,192,192,192,192,507809.749375,590398.5,793866.4,804305.1,819365.28,837527
evaluation,fineweb-10m,500,single_bucket,0.967951875,156.583125,171,248,248,248,248,637441.4025,695997.5,1023015.6,1034172.6,1052764.8,1069318
evaluation,fineweb-10m,500,anchor_profile,0.9596049999999999,124.7903125,144,192,192,192,192,507809.749375,590398.5,793866.4,804305.1,819365.28,837527
evaluation,fineweb-10m,500,legacy,1,2441,2441,2441,2441,2441,2441,10000000,10000000,10000000,10000000,10000000,10000000
evaluation,fineweb-10m,750,anchor_buckets,0.9635566666666668,156.583125,171,248,248,248,248,637441.4025,695997.5,1023015.6,1034172.6,1052764.8,1069318
evaluation,fineweb-10m,750,single_bucket,0.9635566666666668,156.583125,171,248,248,248,248,637441.4025,695997.5,1023015.6,1034172.6,1052764.8,1069318
evaluation,fineweb-10m,750,legacy,1,2441,2441,2441,2441,2441,2441,10000000,10000000,10000000,10000000,10000000,10000000
evaluation,fineweb-10m,1000,anchor_buckets,0.959991875,156.583125,171,248,248,248,248,637441.4025,695997.5,1023015.6,1034172.6,1052764.8,1069318
evaluation,fineweb-10m,1000,single_bucket,0.959991875,156.583125,171,248,248,248,248,637441.4025,695997.5,1023015.6,1034172.6,1052764.8,1069318
evaluation,fineweb-10m,1000,anchor_profile,0.959991875,156.583125,171,248,248,248,248,637441.4025,695997.5,1023015.6,1034172.6,1052764.8,1069318
evaluation,fineweb-10m,1000,legacy,1,2441,2441,2441,2441,2441,2441,10000000,10000000,10000000,10000000,10000000,10000000
evaluation,fineweb-10m,2000,anchor_buckets,0.94842828125,156.583125,171,248,248,248,248,637441.4025,695997.5,1023015.6,1034172.6,1052764.8,1069318
evaluation,fineweb-10m,2000,single_bucket,0.94842828125,156.583125,171,248,248,248,248,637441.4025,695997.5,1023015.6,1034172.6,1052764.8,1069318
evaluation,fineweb-10m,2000,anchor_profile,0.9598264062499999,196.4965625,271,271,271,271,271,799770.3640625,1070114.5,1123275.4,1133250.1,1150447.2899999998,1170962
evaluation,fineweb-10m,2000,legacy,1,2441,2441,2441,2441,2441,2441,10000000,10000000,10000000,10000000,10000000,10000000
evaluation,fineweb-10m,5000,anchor_buckets,0.925102,156.583125,171,248,248,248,248,637441.4025,695997.5,1023015.6,1034172.6,1052764.8,1069318
evaluation,fineweb-10m,5000,single_bucket,0.925102,156.583125,171,248,248,248,248,637441.4025,695997.5,1023015.6,1034172.6,1052764.8,1069318
evaluation,fineweb-10m,5000,anchor_profile,0.95977775,273.5653125,355,355,355,355,355,1114059.251875,1421132,1471098.7,1482010.8,1500999.8,1536339
evaluation,fineweb-10m,5000,legacy,1,2441,2441,2441,2441,2441,2441,10000000,10000000,10000000,10000000,10000000,10000000
evaluation,wiki-cohere-35m,100,existing,0.956644,449.6492,383.5,768,768,768,768,1979316.89,1681832,3444633.6,3495119.15,3559850.96,3662510
evaluation,wiki-cohere-35m,101,anchor_buckets,0.9630574257425742,538.5032,540,833,833,833,833,2371000.35,2367576,3751234.9,3796772.9499999997,3861226.15,3966840
evaluation,wiki-cohere-35m,101,single_bucket,0.972930693069307,721.7112,754.5,1092,1092,1092,1092,3179433.6824,3316164,4915778.6,4964192.45,5032328.22,5128163
evaluation,wiki-cohere-35m,101,legacy,1,8545,8545,8545,8545,8545,8545,35000000,35000000,35000000,35000000,35000000,35000000
evaluation,wiki-cohere-35m,150,anchor_buckets,0.961184,538.5032,540,833,833,833,833,2371000.35,2367576,3751234.9,3796772.9499999997,3861226.15,3966840
evaluation,wiki-cohere-35m,150,single_bucket,0.9713733333333333,721.7112,754.5,1092,1092,1092,1092,3179433.6824,3316164,4915778.6,4964192.45,5032328.22,5128163
evaluation,wiki-cohere-35m,150,legacy,1,8545,8545,8545,8545,8545,8545,35000000,35000000,35000000,35000000,35000000,35000000
evaluation,wiki-cohere-35m,200,anchor_buckets,0.9594220000000001,538.5032,540,833,833,833,833,2371000.35,2367576,3751234.9,3796772.9499999997,3861226.15,3966840
evaluation,wiki-cohere-35m,200,single_bucket,0.9700719999999999,721.7112,754.5,1092,1092,1092,1092,3179433.6824,3316164,4915778.6,4964192.45,5032328.22,5128163
evaluation,wiki-cohere-35m,200,anchor_profile,0.9594220000000001,538.5032,540,833,833,833,833,2371000.35,2367576,3751234.9,3796772.9499999997,3861226.15,3966840
evaluation,wiki-cohere-35m,200,legacy,1,8545,8545,8545,8545,8545,8545,35000000,35000000,35000000,35000000,35000000,35000000
evaluation,wiki-cohere-35m,300,anchor_buckets,0.963216,630.4264,636.5,971,971,971,971,2776908.1968,2811605,4372374.7,4418908.6,4482694.2299999995,4589781
evaluation,wiki-cohere-35m,300,single_bucket,0.9680040000000001,721.7112,754.5,1092,1092,1092,1092,3179433.6824,3316164,4915778.6,4964192.45,5032328.22,5128163
evaluation,wiki-cohere-35m,300,legacy,1,8545,8545,8545,8545,8545,8545,35000000,35000000,35000000,35000000,35000000,35000000
evaluation,wiki-cohere-35m,400,anchor_buckets,0.96147,630.4264,636.5,971,971,971,971,2776908.1968,2811605,4372374.7,4418908.6,4482694.2299999995,4589781
evaluation,wiki-cohere-35m,400,single_bucket,0.966455,721.7112,754.5,1092,1092,1092,1092,3179433.6824,3316164,4915778.6,4964192.45,5032328.22,5128163
evaluation,wiki-cohere-35m,400,legacy,1,8545,8545,8545,8545,8545,8545,35000000,35000000,35000000,35000000,35000000,35000000
evaluation,wiki-cohere-35m,500,anchor_buckets,0.9599848000000002,630.4264,636.5,971,971,971,971,2776908.1968,2811605,4372374.7,4418908.6,4482694.2299999995,4589781
evaluation,wiki-cohere-35m,500,single_bucket,0.9651360000000001,721.7112,754.5,1092,1092,1092,1092,3179433.6824,3316164,4915778.6,4964192.45,5032328.22,5128163
evaluation,wiki-cohere-35m,500,anchor_profile,0.9599848000000002,630.4264,636.5,971,971,971,971,2776908.1968,2811605,4372374.7,4418908.6,4482694.2299999995,4589781
evaluation,wiki-cohere-35m,500,legacy,1,8545,8545,8545,8545,8545,8545,35000000,35000000,35000000,35000000,35000000,35000000
evaluation,wiki-cohere-35m,750,anchor_buckets,0.9624677333333334,721.7112,754.5,1092,1092,1092,1092,3179433.6824,3316164,4915778.6,4964192.45,5032328.22,5128163
evaluation,wiki-cohere-35m,750,single_bucket,0.9624677333333334,721.7112,754.5,1092,1092,1092,1092,3179433.6824,3316164,4915778.6,4964192.45,5032328.22,5128163
evaluation,wiki-cohere-35m,750,legacy,1,8545,8545,8545,8545,8545,8545,35000000,35000000,35000000,35000000,35000000,35000000
evaluation,wiki-cohere-35m,1000,anchor_buckets,0.9602052,721.7112,754.5,1092,1092,1092,1092,3179433.6824,3316164,4915778.6,4964192.45,5032328.22,5128163
evaluation,wiki-cohere-35m,1000,single_bucket,0.9602052,721.7112,754.5,1092,1092,1092,1092,3179433.6824,3316164,4915778.6,4964192.45,5032328.22,5128163
evaluation,wiki-cohere-35m,1000,anchor_profile,0.9602052,721.7112,754.5,1092,1092,1092,1092,3179433.6824,3316164,4915778.6,4964192.45,5032328.22,5128163
evaluation,wiki-cohere-35m,1000,legacy,1,8545,8545,8545,8545,8545,8545,35000000,35000000,35000000,35000000,35000000,35000000
evaluation,wiki-cohere-35m,2000,anchor_buckets,0.9537106,721.7112,754.5,1092,1092,1092,1092,3179433.6824,3316164,4915778.6,4964192.45,5032328.22,5128163
evaluation,wiki-cohere-35m,2000,single_bucket,0.9537106,721.7112,754.5,1092,1092,1092,1092,3179433.6824,3316164,4915778.6,4964192.45,5032328.22,5128163
evaluation,wiki-cohere-35m,2000,anchor_profile,0.9602606,836.682,880,1255,1255,1255,1255,3687343.5532,3896682.5,5646504.8,5700044.399999999,5775229.9799999995,5869124
evaluation,wiki-cohere-35m,2000,legacy,1,8545,8545,8545,8545,8545,8545,35000000,35000000,35000000,35000000,35000000,35000000
evaluation,wiki-cohere-35m,5000,anchor_buckets,0.941442,721.7112,754.5,1092,1092,1092,1092,3179433.6824,3316164,4915778.6,4964192.45,5032328.22,5128163
evaluation,wiki-cohere-35m,5000,single_bucket,0.941442,721.7112,754.5,1092,1092,1092,1092,3179433.6824,3316164,4915778.6,4964192.45,5032328.22,5128163
evaluation,wiki-cohere-35m,5000,anchor_profile,0.96024408,1043.0884,1374,1374,1374,1374,1374,4596860.212,5895129.5,6195238.7,6246332.95,6314490.13,6424976
evaluation,wiki-cohere-35m,5000,legacy,1,8545,8545,8545,8545,8545,8545,35000000,35000000,35000000,35000000,35000000,35000000
evaluation,dpr-wikipedia-single-nq,100,existing,0.9622326869806094,200,200,200,200,200,200,794285.1950138505,794425,825154.8,832678.2,847120.72,861477
evaluation,dpr-wikipedia-single-nq,101,anchor_buckets,0.9639230959106991,211,211,211,211,211,211,838275.5861495845,837591,870140,877650.8,892549.68,904985
evaluation,dpr-wikipedia-single-nq,101,single_bucket,0.9742190285510546,279,279,279,279,279,279,1111011.535734072,1109672,1148960.2,1160651.8,1180500.8800000001,1198191
evaluation,dpr-wikipedia-single-nq,101,legacy,0.2398288582320836,1,1,1,1,1,1,4001.315789473684,3907,5224.200000000001,5591,6325.84,9545
evaluation,dpr-wikipedia-single-nq,150,anchor_buckets,0.9619279778393353,211,211,211,211,211,211,838275.5861495845,837591,870140,877650.8,892549.68,904985
evaluation,dpr-wikipedia-single-nq,150,single_bucket,0.9726611265004615,279,279,279,279,279,279,1111011.535734072,1109672,1148960.2,1160651.8,1180500.8800000001,1198191
evaluation,dpr-wikipedia-single-nq,150,legacy,0.2322068328716528,1,1,1,1,1,1,4001.315789473684,3907,5224.200000000001,5591,6325.84,9545
evaluation,dpr-wikipedia-single-nq,200,anchor_buckets,0.9600858725761773,211,211,211,211,211,211,838275.5861495845,837591,870140,877650.8,892549.68,904985
evaluation,dpr-wikipedia-single-nq,200,single_bucket,0.9712659279778393,279,279,279,279,279,279,1111011.535734072,1109672,1148960.2,1160651.8,1180500.8800000001,1198191
evaluation,dpr-wikipedia-single-nq,200,anchor_profile,0.9600858725761773,211,211,211,211,211,211,838275.5861495845,837591,870140,877650.8,892549.68,904985
evaluation,dpr-wikipedia-single-nq,200,legacy,0.22536842105263155,1,1,1,1,1,1,4001.315789473684,3907,5224.200000000001,5591,6325.84,9545
evaluation,dpr-wikipedia-single-nq,300,anchor_buckets,0.9637857802400739,244,244,244,244,244,244,970433.5379501386,970334,1005448.6,1015343.8,1031372.2,1050404
evaluation,dpr-wikipedia-single-nq,300,single_bucket,0.9688421052631577,279,279,279,279,279,279,1111011.535734072,1109672,1148960.2,1160651.8,1180500.8800000001,1198191
evaluation,dpr-wikipedia-single-nq,300,legacy,0.21500092336103419,1,1,1,1,1,1,4001.315789473684,3907,5224.200000000001,5591,6325.84,9545
evaluation,dpr-wikipedia-single-nq,400,anchor_buckets,0.9615831024930748,244,244,244,244,244,244,970433.5379501386,970334,1005448.6,1015343.8,1031372.2,1050404
evaluation,dpr-wikipedia-single-nq,400,single_bucket,0.9669806094182825,279,279,279,279,279,279,1111011.535734072,1109672,1148960.2,1160651.8,1180500.8800000001,1198191
evaluation,dpr-wikipedia-single-nq,400,legacy,0.2070360110803324,1,1,1,1,1,1,4001.315789473684,3907,5224.200000000001,5591,6325.84,9545
evaluation,dpr-wikipedia-single-nq,500,anchor_buckets,0.9596321329639889,244,244,244,244,244,244,970433.5379501386,970334,1005448.6,1015343.8,1031372.2,1050404
evaluation,dpr-wikipedia-single-nq,500,single_bucket,0.9652598337950138,279,279,279,279,279,279,1111011.535734072,1109672,1148960.2,1160651.8,1180500.8800000001,1198191
evaluation,dpr-wikipedia-single-nq,500,anchor_profile,0.9596321329639889,244,244,244,244,244,244,970433.5379501386,970334,1005448.6,1015343.8,1031372.2,1050404
evaluation,dpr-wikipedia-single-nq,500,legacy,0.2008698060941828,1,1,1,1,1,1,4001.315789473684,3907,5224.200000000001,5591,6325.84,9545
evaluation,dpr-wikipedia-single-nq,750,anchor_buckets,0.9619944598337951,279,279,279,279,279,279,1111011.535734072,1109672,1148960.2,1160651.8,1180500.8800000001,1198191
evaluation,dpr-wikipedia-single-nq,750,single_bucket,0.9619944598337951,279,279,279,279,279,279,1111011.535734072,1109672,1148960.2,1160651.8,1180500.8800000001,1198191
evaluation,dpr-wikipedia-single-nq,750,legacy,0.1891405355493998,1,1,1,1,1,1,4001.315789473684,3907,5224.200000000001,5591,6325.84,9545
evaluation,dpr-wikipedia-single-nq,1000,anchor_buckets,0.9592642659279779,279,279,279,279,279,279,1111011.535734072,1109672,1148960.2,1160651.8,1180500.8800000001,1198191
evaluation,dpr-wikipedia-single-nq,1000,single_bucket,0.9592642659279779,279,279,279,279,279,279,1111011.535734072,1109672,1148960.2,1160651.8,1180500.8800000001,1198191
evaluation,dpr-wikipedia-single-nq,1000,anchor_profile,0.9592642659279779,279,279,279,279,279,279,1111011.535734072,1109672,1148960.2,1160651.8,1180500.8800000001,1198191
evaluation,dpr-wikipedia-single-nq,1000,legacy,0.18028698060941828,1,1,1,1,1,1,4001.315789473684,3907,5224.200000000001,5591,6325.84,9545
evaluation,dpr-wikipedia-single-nq,2000,anchor_buckets,0.9509606648199447,279,279,279,279,279,279,1111011.535734072,1109672,1148960.2,1160651.8,1180500.8800000001,1198191
evaluation,dpr-wikipedia-single-nq,2000,single_bucket,0.9509606648199447,279,279,279,279,279,279,1111011.535734072,1109672,1148960.2,1160651.8,1180500.8800000001,1198191
evaluation,dpr-wikipedia-single-nq,2000,anchor_profile,0.9586770083102494,326,326,326,326,326,326,1299868.7263157894,1297275,1343132,1356733,1378929.4,1395442
evaluation,dpr-wikipedia-single-nq,2000,legacy,0.15673102493074792,1,1,1,1,1,1,4001.315789473684,3907,5224.200000000001,5591,6325.84,9545
evaluation,dpr-wikipedia-single-nq,5000,anchor_buckets,0.9350503047091413,279,279,279,279,279,279,1111011.535734072,1109672,1148960.2,1160651.8,1180500.8800000001,1198191
evaluation,dpr-wikipedia-single-nq,5000,single_bucket,0.9350503047091413,279,279,279,279,279,279,1111011.535734072,1109672,1148960.2,1160651.8,1180500.8800000001,1198191
evaluation,dpr-wikipedia-single-nq,5000,anchor_profile,0.9589124653739612,418,418,418,418,418,418,1669994.9628808864,1666513,1722666.2,1738447.5999999999,1759742.04,1780427
evaluation,dpr-wikipedia-single-nq,5000,legacy,0.12172,1,1,1,1,1,1,4001.315789473684,3907,5224.200000000001,5591,6325.84,9545
