corpus,metric,k,arm,queries,mean_recall,minimum_recall,p50_recall,p90_recall,p95_recall,p99_recall,mean_partitions,mean_comparisons,rq_auto_minus_flat_auto_pp,rq_auto_minus_rq_all_pp,rq_auto_overlap_rq_all
dino-10m,l2,1,flat_auto,512,0.96484375,0,1,1,1,1,9.30078125,39503.38671875,-9.765625,-2.34375,0.962890625
dino-10m,l2,1,rq_auto,512,0.8671875,0,1,1,1,1,9.30078125,39503.38671875,-9.765625,-2.34375,0.962890625
dino-10m,l2,1,rq_all,512,0.890625,0,1,1,1,1,2441,10000000,-9.765625,-2.34375,0.962890625
dino-10m,l2,1,rq_legacy,512,0.513671875,0,1,1,1,1,1,4338.259765625,-9.765625,-2.34375,0.962890625
dino-10m,l2,10,flat_auto,512,0.9521484375,0.4,1,1,1,1,12.498046875,52965.041015625,-4.82421875,-3.4375,0.9525390625000001
dino-10m,l2,10,rq_auto,512,0.9039062500000001,0.4,0.9,1,1,1,12.498046875,52965.041015625,-4.82421875,-3.4375,0.9525390625000001
dino-10m,l2,10,rq_all,512,0.9382812500000002,0.7,0.9,1,1,1,2441,10000000,-4.82421875,-3.4375,0.9525390625000001
dino-10m,l2,10,rq_legacy,512,0.9382812500000002,0.7,0.9,1,1,1,2440.935546875,9999760.451171875,-4.82421875,-3.4375,0.9525390625000001
dino-10m,l2,100,flat_auto,512,0.95107421875,0.49,0.98,1,1,1,21.244140625,89618.103515625,-2.599609375,-3.3242187499999982,0.95068359375
dino-10m,l2,100,rq_auto,512,0.925078125,0.49,0.94,0.98,0.98,0.99,21.244140625,89618.103515625,-2.599609375,-3.3242187499999982,0.95068359375
dino-10m,l2,100,rq_all,512,0.9583203124999999,0.89,0.96,0.98,0.98,0.99,2441,10000000,-2.599609375,-3.3242187499999982,0.95068359375
dino-10m,l2,100,rq_legacy,512,0.9583203124999999,0.89,0.96,0.98,0.98,0.99,2441,10000000,-2.599609375,-3.3242187499999982,0.95068359375
dino-10m,l2,200,flat_auto,512,0.9602832031249999,0.46,0.985,1,1,1,30.564453125,128414.986328125,-2.5908203125,-2.6933593749999982,0.9603515624999999
dino-10m,l2,200,rq_auto,512,0.934375,0.46,0.95,0.975,0.98,0.985,30.564453125,128414.986328125,-2.5908203125,-2.6933593749999982,0.9603515624999999
dino-10m,l2,200,rq_all,512,0.96130859375,0.905,0.965,0.98,0.985,0.99,2441,10000000,-2.5908203125,-2.6933593749999982,0.9603515624999999
dino-10m,l2,200,rq_legacy,512,0.96130859375,0.905,0.965,0.98,0.985,0.99,2441,10000000,-2.5908203125,-2.6933593749999982,0.9603515624999999
dino-10m,l2,500,flat_auto,512,0.96028515625,0.604,0.978,0.9998,1,1,39.84375,167144.7890625,-2.0316406250000005,-2.608593749999999,0.9601367187500001
dino-10m,l2,500,rq_auto,512,0.93996875,0.604,0.952,0.976,0.978,0.986,39.84375,167144.7890625,-2.0316406250000005,-2.608593749999999,0.9601367187500001
dino-10m,l2,500,rq_all,512,0.9660546875,0.932,0.966,0.98,0.984,0.99,2441,10000000,-2.0316406250000005,-2.608593749999999,0.9601367187500001
dino-10m,l2,500,rq_legacy,512,0.9660546875,0.932,0.966,0.98,0.984,0.99,2441,10000000,-2.0316406250000005,-2.608593749999999,0.9601367187500001
dino-10m,l2,1000,flat_auto,512,0.9594121093749999,0.619,0.977,0.9989,1,1,50.7578125,212486.369140625,-1.7833984375000007,-2.727343749999999,0.959453125
dino-10m,l2,1000,rq_auto,512,0.9415781249999999,0.619,0.955,0.975,0.9794499999999999,0.9868899999999999,50.7578125,212486.369140625,-1.7833984375000007,-2.727343749999999,0.959453125
dino-10m,l2,1000,rq_all,512,0.9688515625,0.929,0.97,0.9829,0.986,0.9918899999999999,2441,10000000,-1.7833984375000007,-2.727343749999999,0.959453125
dino-10m,l2,1000,rq_legacy,512,0.9688515625,0.929,0.97,0.9829,0.986,0.9918899999999999,2441,10000000,-1.7833984375000007,-2.727343749999999,0.959453125
laion-10m,cosine,1,flat_auto,512,0.943359375,0,1,1,1,1,13.544921875,57042.060546875,-3.125,-5.078125,0.943359375
laion-10m,cosine,1,rq_auto,512,0.912109375,0,1,1,1,1,13.544921875,57042.060546875,-3.125,-5.078125,0.943359375
laion-10m,cosine,1,rq_all,512,0.962890625,0,1,1,1,1,2441,10000000,-3.125,-5.078125,0.943359375
laion-10m,cosine,1,rq_legacy,512,0.552734375,0,1,1,1,1,1,4486.365234375,-3.125,-5.078125,0.943359375
laion-10m,cosine,10,flat_auto,512,0.95859375,0.2,1,1,1,1,23.3671875,97656.263671875,-2.0312499999999996,-3.515625,0.959375
laion-10m,cosine,10,rq_auto,512,0.9382812500000001,0.2,1,1,1,1,23.3671875,97656.263671875,-2.0312499999999996,-3.515625,0.959375
laion-10m,cosine,10,rq_all,512,0.9734375000000001,0.8,1,1,1,1,2441,10000000,-2.0312499999999996,-3.515625,0.959375
laion-10m,cosine,10,rq_legacy,512,0.9734375000000001,0.8,1,1,1,1,2428.076171875,9950663.4609375,-2.0312499999999996,-3.515625,0.959375
laion-10m,cosine,100,flat_auto,512,0.9607421875000001,0.38,0.99,1,1,1,39.556640625,164741.638671875,-0.9804687500000006,-3.138671875,0.9610546875000001
laion-10m,cosine,100,rq_auto,512,0.9509375000000001,0.38,0.97,0.99,1,1,39.556640625,164741.638671875,-0.9804687500000006,-3.138671875,0.9610546875000001
laion-10m,cosine,100,rq_all,512,0.9823242187500002,0.93,0.98,1,1,1,2441,10000000,-0.9804687500000006,-3.138671875,0.9610546875000001
laion-10m,cosine,100,rq_legacy,512,0.9823242187500002,0.93,0.98,1,1,1,2436.234375,9980471.388671875,-0.9804687500000006,-3.138671875,0.9610546875000001
laion-10m,cosine,200,flat_auto,512,0.97189453125,0.515,0.99,1,1,1,58.283203125,242395.87890625,-0.9628906250000007,-2.146484375,0.971884765625
laion-10m,cosine,200,rq_auto,512,0.962265625,0.515,0.98,0.99,0.995,1,58.283203125,242395.87890625,-0.9628906250000007,-2.146484375,0.971884765625
laion-10m,cosine,200,rq_all,512,0.9837304687499999,0.945,0.985,0.995,0.995,1,2441,10000000,-0.9628906250000007,-2.146484375,0.971884765625
laion-10m,cosine,200,rq_legacy,512,0.9837304687499999,0.945,0.985,0.995,0.995,1,2436.234375,9980471.388671875,-0.9628906250000007,-2.146484375,0.971884765625
laion-10m,cosine,500,flat_auto,512,0.9699179687500001,0.454,0.99,1,1,1,76.642578125,318247.15625,-0.8765625000000008,-2.29296875,0.97005859375
laion-10m,cosine,500,rq_auto,512,0.96115234375,0.454,0.976,0.992,0.994,0.996,76.642578125,318247.15625,-0.8765625000000008,-2.29296875,0.97005859375
laion-10m,cosine,500,rq_all,512,0.9840820312499999,0.948,0.984,0.992,0.994,0.996,2441,10000000,-0.8765625000000008,-2.29296875,0.97005859375
laion-10m,cosine,500,rq_legacy,512,0.9840820312499999,0.948,0.984,0.992,0.994,0.996,2436.234375,9980471.388671875,-0.8765625000000008,-2.29296875,0.97005859375
laion-10m,cosine,1000,flat_auto,512,0.9674980468750001,0.548,0.986,1,1,1,94.31640625,391623.451171875,-0.7265625000000007,-2.4875,0.9677207031249999
laion-10m,cosine,1000,rq_auto,512,0.960232421875,0.548,0.976,0.991,0.993,0.9958899999999999,94.31640625,391623.451171875,-0.7265625000000007,-2.4875,0.9677207031249999
laion-10m,cosine,1000,rq_all,512,0.985107421875,0.867,0.986,0.993,0.994,0.997,2441,10000000,-0.7265625000000007,-2.4875,0.9677207031249999
laion-10m,cosine,1000,rq_legacy,512,0.985107421875,0.867,0.986,0.993,0.994,0.997,2436.234375,9980471.388671875,-0.7265625000000007,-2.4875,0.9677207031249999
fineweb-10m,cosine,1,flat_auto,512,0.951171875,0,1,1,1,1,22.880859375,94359.923828125,-3.125,-4.8828125,0.951171875
fineweb-10m,cosine,1,rq_auto,512,0.919921875,0,1,1,1,1,22.880859375,94359.923828125,-3.125,-4.8828125,0.951171875
fineweb-10m,cosine,1,rq_all,512,0.96875,0,1,1,1,1,2441,10000000,-3.125,-4.8828125,0.951171875
fineweb-10m,cosine,1,rq_legacy,512,0.47265625,0,0,1,1,1,1,4408.00390625,-3.125,-4.8828125,0.951171875
fineweb-10m,cosine,10,flat_auto,512,0.9490234375000001,0.1,1,1,1,1,38.462890625,157465.927734375,-1.9921874999999996,-4.00390625,0.9500000000000001
fineweb-10m,cosine,10,rq_auto,512,0.9291015625000001,0.1,1,1,1,1,38.462890625,157465.927734375,-1.9921874999999996,-4.00390625,0.9500000000000001
fineweb-10m,cosine,10,rq_all,512,0.9691406250000001,0.8,1,1,1,1,2441,10000000,-1.9921874999999996,-4.00390625,0.9500000000000001
fineweb-10m,cosine,10,rq_legacy,512,0.9691406250000001,0.8,1,1,1,1,2441,10000000,-1.9921874999999996,-4.00390625,0.9500000000000001
fineweb-10m,cosine,100,flat_auto,512,0.9525585937500001,0.5,0.97,1,1,1,67.029296875,273053.21875,-1.1621093750000004,-3.554687499999999,0.95259765625
fineweb-10m,cosine,100,rq_auto,512,0.9409375,0.5,0.96,0.98,0.99,1,67.029296875,273053.21875,-1.1621093750000004,-3.554687499999999,0.95259765625
fineweb-10m,cosine,100,rq_all,512,0.9764843750000002,0.94,0.98,0.99,0.99,1,2441,10000000,-1.1621093750000004,-3.554687499999999,0.95259765625
fineweb-10m,cosine,100,rq_legacy,512,0.9764843750000002,0.94,0.98,0.99,0.99,1,2441,10000000,-1.1621093750000004,-3.554687499999999,0.95259765625
fineweb-10m,cosine,200,flat_auto,512,0.960048828125,0.575,0.975,1,1,1,96.591796875,392855.3515625,-1.1992187500000004,-2.97265625,0.959951171875
fineweb-10m,cosine,200,rq_auto,512,0.948056640625,0.575,0.96,0.985,0.99,0.99,96.591796875,392855.3515625,-1.1992187500000004,-2.97265625,0.959951171875
fineweb-10m,cosine,200,rq_all,512,0.977783203125,0.94,0.98,0.99,0.99,0.995,2441,10000000,-1.1992187500000004,-2.97265625,0.959951171875
fineweb-10m,cosine,200,rq_legacy,512,0.977783203125,0.94,0.98,0.99,0.99,0.995,2441,10000000,-1.1992187500000004,-2.97265625,0.959951171875
fineweb-10m,cosine,500,flat_auto,512,0.96076171875,0.696,0.974,0.996,0.998,1,124.58203125,506525.171875,-1.0347656250000006,-2.7984375,0.96082421875
fineweb-10m,cosine,500,rq_auto,512,0.9504140624999999,0.694,0.962,0.98,0.984,0.992,124.58203125,506525.171875,-1.0347656250000006,-2.7984375,0.96082421875
fineweb-10m,cosine,500,rq_all,512,0.9783984375,0.952,0.979,0.988,0.99,0.994,2441,10000000,-1.0347656250000006,-2.7984375,0.96082421875
fineweb-10m,cosine,500,rq_legacy,512,0.9783984375,0.952,0.979,0.988,0.99,0.994,2441,10000000,-1.0347656250000006,-2.7984375,0.96082421875
fineweb-10m,cosine,1000,flat_auto,512,0.9609121093749999,0.729,0.973,0.995,0.997,0.999,156.029296875,634789.24609375,-0.9783203125000006,-2.7697265625000003,0.9609511718749999
fineweb-10m,cosine,1000,rq_auto,512,0.95112890625,0.728,0.962,0.979,0.982,0.9878899999999999,156.029296875,634789.24609375,-0.9783203125000006,-2.7697265625000003,0.9609511718749999
fineweb-10m,cosine,1000,rq_all,512,0.978826171875,0.957,0.979,0.987,0.989,0.9918899999999999,2441,10000000,-0.9783203125000006,-2.7697265625000003,0.9609511718749999
fineweb-10m,cosine,1000,rq_legacy,512,0.978826171875,0.957,0.979,0.987,0.989,0.9918899999999999,2441,10000000,-0.9783203125000006,-2.7697265625000003,0.9609511718749999
wiki-cohere-35m,dot,1,flat_auto,512,0.943359375,0,1,1,1,1,112,490601.447265625,-2.1484375,-5.078125,0.947265625
wiki-cohere-35m,dot,1,rq_auto,512,0.921875,0,1,1,1,1,112,490601.447265625,-2.1484375,-5.078125,0.947265625
wiki-cohere-35m,dot,1,rq_all,512,0.97265625,0,1,1,1,1,8545,35000000,-2.1484375,-5.078125,0.947265625
wiki-cohere-35m,dot,1,rq_legacy,512,0.408203125,0,0,1,1,1,1,4639.5390625,-2.1484375,-5.078125,0.947265625
wiki-cohere-35m,dot,10,flat_auto,512,0.9412109375000001,0.3,1,1,1,1,267.09765625,1175218.626953125,-3.496093749999999,-4.4140625,0.9423828125
wiki-cohere-35m,dot,10,rq_auto,512,0.9062500000000001,0.3,0.9,1,1,1,267.09765625,1175218.626953125,-3.496093749999999,-4.4140625,0.9423828125
wiki-cohere-35m,dot,10,rq_all,512,0.950390625,0.7,1,1,1,1,8545,35000000,-3.496093749999999,-4.4140625,0.9423828125
wiki-cohere-35m,dot,10,rq_legacy,512,0.950390625,0.7,1,1,1,1,8545,35000000,-3.496093749999999,-4.4140625,0.9423828125
wiki-cohere-35m,dot,100,flat_auto,512,0.94998046875,0.61,0.97,1,1,1,450.470703125,1984616.806640625,-2.976562499999999,-3.3769531249999982,0.9499609375
wiki-cohere-35m,dot,100,rq_auto,512,0.92021484375,0.61,0.93,0.97,0.97,0.98,450.470703125,1984616.806640625,-2.976562499999999,-3.3769531249999982,0.9499609375
wiki-cohere-35m,dot,100,rq_all,512,0.9539843749999999,0.87,0.96,0.98,0.9844999999999998,0.99,8545,35000000,-2.976562499999999,-3.3769531249999982,0.9499609375
wiki-cohere-35m,dot,100,rq_legacy,512,0.9539843749999999,0.87,0.96,0.98,0.9844999999999998,0.99,8545,35000000,-2.976562499999999,-3.3769531249999982,0.9499609375
wiki-cohere-35m,dot,200,flat_auto,512,0.9528027343750001,0.625,0.975,1,1,1,539.208984375,2376655.720703125,-3.090820312499999,-3.1298828124999982,0.95314453125
wiki-cohere-35m,dot,200,rq_auto,512,0.92189453125,0.625,0.935,0.965,0.97,0.9794499999999999,539.208984375,2376655.720703125,-3.090820312499999,-3.1298828124999982,0.95314453125
wiki-cohere-35m,dot,200,rq_all,512,0.9531933593749999,0.895,0.955,0.975,0.98,0.985,8545,35000000,-3.090820312499999,-3.1298828124999982,0.95314453125
wiki-cohere-35m,dot,200,rq_legacy,512,0.9531933593749999,0.895,0.955,0.975,0.98,0.985,8545,35000000,-3.090820312499999,-3.1298828124999982,0.95314453125
wiki-cohere-35m,dot,500,flat_auto,512,0.9550742187500001,0.692,0.97,0.996,0.998,1,631.83203125,2785212.029296875,-3.091015624999999,-2.7683593749999975,0.95527734375
wiki-cohere-35m,dot,500,rq_auto,512,0.9241640624999999,0.688,0.934,0.96,0.966,0.972,631.83203125,2785212.029296875,-3.091015624999999,-2.7683593749999975,0.95527734375
wiki-cohere-35m,dot,500,rq_all,512,0.95184765625,0.906,0.952,0.97,0.974,0.978,8545,35000000,-3.091015624999999,-2.7683593749999975,0.95527734375
wiki-cohere-35m,dot,500,rq_legacy,512,0.95184765625,0.906,0.952,0.97,0.974,0.978,8545,35000000,-3.091015624999999,-2.7683593749999975,0.95527734375
wiki-cohere-35m,dot,1000,flat_auto,512,0.95672265625,0.709,0.97,0.994,0.997,1,723.15625,3187928.8828125,-3.1238281249999993,-2.611718749999997,0.95684375
wiki-cohere-35m,dot,1000,rq_auto,512,0.9254843749999999,0.708,0.935,0.9589,0.963,0.97178,723.15625,3187928.8828125,-3.1238281249999993,-2.611718749999997,0.95684375
wiki-cohere-35m,dot,1000,rq_all,512,0.9516015625,0.911,0.953,0.967,0.9704499999999999,0.975,8545,35000000,-3.1238281249999993,-2.611718749999997,0.95684375
wiki-cohere-35m,dot,1000,rq_legacy,512,0.9516015625,0.911,0.953,0.967,0.9704499999999999,0.975,8545,35000000,-3.1238281249999993,-2.611718749999997,0.95684375
dpr-wikipedia-single-nq,dot,1,flat_auto,512,0.96484375,0,1,1,1,1,95.9140625,379925.2421875,-7.421875,-3.125,0.9609375
dpr-wikipedia-single-nq,dot,1,rq_auto,512,0.890625,0,1,1,1,1,95.9140625,379925.2421875,-7.421875,-3.125,0.9609375
dpr-wikipedia-single-nq,dot,1,rq_all,512,0.921875,0,1,1,1,1,5131,21015300,-7.421875,-3.125,0.9609375
dpr-wikipedia-single-nq,dot,1,rq_legacy,512,0.921875,0,1,1,1,1,3620.91015625,14805220.841796875,-7.421875,-3.125,0.9609375
dpr-wikipedia-single-nq,dot,10,flat_auto,512,0.9611328125,0.3,1,1,1,1,144,570612.869140625,-5.156249999999999,-3.0859375,0.9607421875
dpr-wikipedia-single-nq,dot,10,rq_auto,512,0.9095703125000001,0.3,0.9,1,1,1,144,570612.869140625,-5.156249999999999,-3.0859375,0.9607421875
dpr-wikipedia-single-nq,dot,10,rq_all,512,0.9404296875000001,0.7,0.9,1,1,1,5131,21015300,-5.156249999999999,-3.0859375,0.9607421875
dpr-wikipedia-single-nq,dot,10,rq_legacy,512,0.2623046875,0,0.1,0.8,0.9,1,1,4026.9453125,-5.156249999999999,-3.0859375,0.9607421875
dpr-wikipedia-single-nq,dot,100,flat_auto,512,0.9578710937500001,0.37,0.99,1,1,1,200,794520.83984375,-3.4921875,-2.865234374999999,0.9582421875
dpr-wikipedia-single-nq,dot,100,rq_auto,512,0.92294921875,0.37,0.94,0.97,0.98,0.99,200,794520.83984375,-3.4921875,-2.865234374999999,0.9582421875
dpr-wikipedia-single-nq,dot,100,rq_all,512,0.9516015625,0.87,0.95,0.98,0.98,0.99,5131,21015300,-3.4921875,-2.865234374999999,0.9582421875
dpr-wikipedia-single-nq,dot,100,rq_legacy,512,0.2322265625,0,0.12,0.71,0.8,0.9377999999999996,1,4026.9453125,-3.4921875,-2.865234374999999,0.9582421875
dpr-wikipedia-single-nq,dot,200,flat_auto,512,0.95681640625,0.49,0.98,1,1,1,211,838590.75390625,-3.2910156249999996,-2.894531249999999,0.956806640625
dpr-wikipedia-single-nq,dot,200,rq_auto,512,0.92390625,0.49,0.94,0.97,0.975,0.98,211,838590.75390625,-3.2910156249999996,-2.894531249999999,0.956806640625
dpr-wikipedia-single-nq,dot,200,rq_all,512,0.9528515625,0.89,0.955,0.975,0.98,0.985,5131,21015300,-3.2910156249999996,-2.894531249999999,0.956806640625
dpr-wikipedia-single-nq,dot,200,rq_legacy,512,0.21816406249999998,0,0.125,0.625,0.7294999999999998,0.8644499999999999,1,4026.9453125,-3.2910156249999996,-2.894531249999999,0.956806640625
dpr-wikipedia-single-nq,dot,500,flat_auto,512,0.9568046874999999,0.592,0.98,1,1,1,244,970968.669921875,-3.0374999999999996,-2.8593749999999982,0.9568945312499999
dpr-wikipedia-single-nq,dot,500,rq_auto,512,0.9264296875,0.588,0.94,0.968,0.972,0.98,244,970968.669921875,-3.0374999999999996,-2.8593749999999982,0.9568945312499999
dpr-wikipedia-single-nq,dot,500,rq_all,512,0.9550234375000001,0.908,0.956,0.972,0.976,0.98,5131,21015300,-3.0374999999999996,-2.8593749999999982,0.9568945312499999
dpr-wikipedia-single-nq,dot,500,rq_legacy,512,0.1959765625,0,0.114,0.5298,0.6269,0.7991199999999999,1,4026.9453125,-3.0374999999999996,-2.8593749999999982,0.9568945312499999
dpr-wikipedia-single-nq,dot,1000,flat_auto,512,0.9567578125,0.664,0.9775,0.998,0.999,1,279,1112094.41796875,-2.943359375,-2.7923828124999983,0.9568281249999999
dpr-wikipedia-single-nq,dot,1000,rq_auto,512,0.9273242187499999,0.658,0.94,0.965,0.9694499999999999,0.976,279,1112094.41796875,-2.943359375,-2.7923828124999983,0.9568281249999999
dpr-wikipedia-single-nq,dot,1000,rq_all,512,0.955248046875,0.921,0.957,0.9719,0.975,0.9798899999999999,5131,21015300,-2.943359375,-2.7923828124999983,0.9568281249999999
dpr-wikipedia-single-nq,dot,1000,rq_legacy,512,0.17625390625,0,0.106,0.4457000000000001,0.56045,0.7150299999999996,1,4026.9453125,-2.943359375,-2.7923828124999983,0.9568281249999999
